"objective","budget","package.deaths","package.che.10","package.che.25","package.deaths.LB","package.che.10.LB","package.deaths.UB","package.che.10.UB","package.deaths.npv","package.E","package.E.LB","package.E.UB"
"delta.deaths",1000000,795,0.00113646717678346,0.000608832083856164,415,0.000959675290396484,1218,0.00139143687144166,763,0.0957758448517138,-0.175256656898781,0.176716278415013
"che.10",1000000,720,0.00284404504443766,0.00264235451491234,468,0.00226080257559662,1003,0.00337827408727987,669,0.0839078540806341,-0.103736484273651,0.0839078540806341
"che.25",1000000,720,0.00284404504443766,0.00264235451491234,468,0.00226080257559662,1003,0.00337827408727987,669,0.0839078540806341,-0.103736484273651,0.0839078540806341
"delta.deaths.LB",1000000,720,0.00284404504443766,0.00264235451491234,468,0.00226080257559662,1003,0.00337827408727987,669,0.0839078540806341,-0.103736484273651,0.0839078540806341
"che.10.LB",1000000,720,0.00284404504443766,0.00264235451491234,468,0.00226080257559662,1003,0.00337827408727987,669,0.0839078540806341,-0.103736484273651,0.0839078540806341
"delta.deaths.UB",1000000,775,0.00053367913431184,0.000180315210150212,441,0.000448531482990938,1239,0.000664888761358715,775,0.0824001745305077,-0.179793911360439,0.147587062401407
"che.10.UB",1000000,720,0.00284404504443766,0.00264235451491234,468,0.00226080257559662,1003,0.00337827408727987,669,0.0839078540806341,-0.103736484273651,0.0839078540806341
"delta.deaths.npv",1000000,775,0.00053367913431184,0.000180315210150212,441,0.000448531482990938,1239,0.000664888761358715,775,0.0824001745305077,-0.179793911360439,0.147587062401407
"E",1000000,716,0.000893298701488353,0.000526022364737815,352,0.000788653694515336,1117,0.00102175505541773,684,0.0989753497037837,-0.158233616318573,0.165580241830616
"E.UB",1000000,795,0.00113646717678346,0.000608832083856164,415,0.000959675290396484,1218,0.00139143687144166,763,0.0957758448517138,-0.175256656898781,0.176716278415013
"delta.deaths",6210526.31578947,2122,0.0129877017537493,0.00784710511433389,1408,0.0106912596749064,2849,0.0153980646229806,2039,0.136890685242841,-0.251808802411387,0.221233695416116
"che.10",6210526.31578947,2122,0.0129877017537493,0.00784710511433389,1408,0.0106912596749064,2849,0.0153980646229806,2039,0.136890685242841,-0.251808802411387,0.221233695416116
"che.25",6210526.31578947,2122,0.0129877017537493,0.00784710511433389,1408,0.0106912596749064,2849,0.0153980646229806,2039,0.136890685242841,-0.251808802411387,0.221233695416116
"delta.deaths.LB",6210526.31578947,2101,0.0123849137112777,0.00741858824062794,1435,0.0101801158675008,2869,0.0146715165128977,2050,0.123515014921635,-0.256346056873045,0.19210447940251
"che.10.LB",6210526.31578947,2122,0.0129877017537493,0.00784710511433389,1408,0.0106912596749064,2849,0.0153980646229806,2039,0.136890685242841,-0.251808802411387,0.221233695416116
"delta.deaths.UB",6210526.31578947,1908,0.00472653597287977,0.00334271233985154,1016,0.00386097861298196,2944,0.00563141911639428,1780,0.0452147248617302,-0.316966515235966,0.279646767767748
"che.10.UB",6210526.31578947,2122,0.0129877017537493,0.00784710511433389,1408,0.0106912596749064,2849,0.0153980646229806,2039,0.136890685242841,-0.251808802411387,0.221233695416116
"delta.deaths.npv",6210526.31578947,2101,0.0123849137112777,0.00741858824062794,1435,0.0101801158675008,2869,0.0146715165128977,2050,0.123515014921635,-0.256346056873045,0.19210447940251
"E",6210526.31578947,1144,0.0000495330263978775,0.0000191911882454577,516,0.000030945806360405,1918,0.0000810482222818605,1068,0.152738061434774,-0.274598863617571,0.233504431403768
"E.LB",6210526.31578947,339,0.000401899543508177,0.000143743710048369,190,0.00040185154416215,505,0.000401908397964207,252,0.0358094890649089,0.00891805033314359,0.037644882775749
"E.UB",6210526.31578947,1888,0.00433936054090719,0.00334201246602048,1139,0.0035551840464159,2729,0.00514927580696206,1761,0.00308272018846427,-0.38058554374944,0.337087292506697
"delta.deaths",11421052.6315789,3235,0.0128969137258272,0.00741935849459713,2088,0.0105914739915993,4516,0.0153012846896934,3031,0.0860599472181056,-0.339460099816958,0.256348239175668
"che.10",11421052.6315789,2635,0.015925733523558,0.00921746237972023,1625,0.0132381459860816,3622,0.0188010985475711,2552,0.0697623176426904,-0.258174157266994,0.234256971521602
"che.25",11421052.6315789,2439,0.0154701877696737,0.00922344214004085,1609,0.012875117876919,3356,0.0182349312275729,2311,0.127585201467169,-0.316521279076014,0.287671562552588
"delta.deaths.LB",11421052.6315789,3235,0.0128969137258272,0.00741935849459713,2088,0.0105914739915993,4516,0.0153012846896934,3031,0.0860599472181056,-0.339460099816958,0.256348239175668
"che.10.LB",11421052.6315789,2635,0.015925733523558,0.00921746237972023,1625,0.0132381459860816,3622,0.0188010985475711,2552,0.0697623176426904,-0.258174157266994,0.234256971521602
"delta.deaths.UB",11421052.6315789,3235,0.0128969137258272,0.00741935849459713,2088,0.0105914739915993,4516,0.0153012846896934,3031,0.0860599472181056,-0.339460099816958,0.256348239175668
"che.10.UB",11421052.6315789,2635,0.015925733523558,0.00921746237972023,1625,0.0132381459860816,3622,0.0188010985475711,2552,0.0697623176426904,-0.258174157266994,0.234256971521602
"delta.deaths.npv",11421052.6315789,3156,0.0129524115034871,0.00741938880312531,1942,0.0106368315105667,4419,0.0153682904462246,3105,-0.00762099737219024,-0.408969093007078,0.343273359251297
"E",11421052.6315789,2225,0.010305201552124,0.00526624503089565,1350,0.00866287468759479,3096,0.0120575457170373,2076,0.213763458333495,-0.286032611314604,0.288723876747008
"E.LB",11421052.6315789,339,0.000401899543508177,0.000143743710048369,190,0.00040185154416215,505,0.000401908397964207,252,0.0358094890649089,0.00891805033314359,0.037644882775749
"E.UB",11421052.6315789,2071,0.00152307872975921,0.000712119187181057,1082,0.00130711416948758,3190,0.00182897891662654,1918,0.0542451676802288,-0.462703441334304,0.431174206453146
"delta.deaths",16631578.9473684,3978,0.0138585874837046,0.00793870125668145,2520,0.0114373564920307,5505,0.0164074509778908,3698,-0.000389356238389864,-0.48384507924639,0.438716620166506
"che.10",16631578.9473684,1275,0.0724327002820527,0.0522463736360507,749,0.0715985415031984,1877,0.0733173236409074,1164,0.090657605413315,-0.243913398411201,0.223556324162772
"che.25",16631578.9473684,1275,0.0724327002820527,0.0522463736360507,749,0.0715985415031984,1877,0.0733173236409074,1164,0.090657605413315,-0.243913398411201,0.223556324162772
"delta.deaths.LB",16631578.9473684,3978,0.0138585874837046,0.00793870125668145,2520,0.0114373564920307,5505,0.0164074509778908,3698,-0.000389356238389864,-0.48384507924639,0.438716620166506
"che.10.LB",16631578.9473684,1275,0.0724327002820527,0.0522463736360507,749,0.0715985415031984,1877,0.0733173236409074,1164,0.090657605413315,-0.243913398411201,0.223556324162772
"delta.deaths.UB",16631578.9473684,3978,0.0138585874837046,0.00793870125668145,2520,0.0114373564920307,5505,0.0164074509778908,3698,-0.000389356238389864,-0.48384507924639,0.438716620166506
"che.10.UB",16631578.9473684,1275,0.0724327002820527,0.0522463736360507,749,0.0715985415031984,1877,0.0733173236409074,1164,0.090657605413315,-0.243913398411201,0.223556324162772
"delta.deaths.npv",16631578.9473684,3978,0.0138585874837046,0.00793870125668145,2520,0.0114373564920307,5505,0.0164074509778908,3698,-0.000389356238389864,-0.48384507924639,0.438716620166506
"E",16631578.9473684,2936,0.0131741586595323,0.00792050032021044,1745,0.0109347898092526,4214,0.0154882150719913,2690,0.234193975766037,-0.364392262042468,0.34896130466837
"E.LB",16631578.9473684,403,0.00482440839833249,0.00165358366996671,262,0.00454042517194575,573,0.00518474435974761,403,0.0770919500349442,0.0142343048284537,0.090228783068343
"E.UB",16631578.9473684,2842,0.00213361141516957,0.000765837597660708,1392,0.00183095655165107,4396,0.00254826334584704,2603,0.0543967383808374,-0.471590837104347,0.51151790930967
"delta.deaths",21842105.2631579,4558,0.0142854154208047,0.00809434573594637,2768,0.0118503392068959,6465,0.0168615876973593,4189,0.0530656809927853,-0.482775382821297,0.484697976539945
"che.10",21842105.2631579,2336,0.0817086306804894,0.0569330676904754,1549,0.0793286200915294,3188,0.0842178132251638,2225,0.115796511244011,-0.29075544867133,0.265107249523567
"che.25",21842105.2631579,2336,0.0817086306804894,0.0569330676904754,1549,0.0793286200915294,3188,0.0842178132251638,2225,0.115796511244011,-0.29075544867133,0.265107249523567
"delta.deaths.LB",21842105.2631579,4532,0.0134139449732427,0.00757505337081977,2793,0.011079945020637,6466,0.0158631772731969,4150,0.0441872162693823,-0.474720723436107,0.496172508261415
"che.10.LB",21842105.2631579,2336,0.0817086306804894,0.0569330676904754,1549,0.0793286200915294,3188,0.0842178132251638,2225,0.115796511244011,-0.29075544867133,0.265107249523567
"delta.deaths.UB",21842105.2631579,4532,0.0134139449732427,0.00757505337081977,2793,0.011079945020637,6466,0.0158631772731969,4150,0.0441872162693823,-0.474720723436107,0.496172508261415
"che.10.UB",21842105.2631579,2336,0.0817086306804894,0.0569330676904754,1549,0.0793286200915294,3188,0.0842178132251638,2225,0.115796511244011,-0.29075544867133,0.265107249523567
"delta.deaths.npv",21842105.2631579,4558,0.0142854154208047,0.00809434573594637,2768,0.0118503392068959,6465,0.0168615876973593,4189,0.0530656809927853,-0.482775382821297,0.484697976539945
"E",21842105.2631579,1546,0.00525089150954815,0.0018046177727317,839,0.00496207746380402,2379,0.00561525238244556,1430,0.252340832216537,-0.229493510687679,0.30827251844095
"E.LB",21842105.2631579,742,0.00522630794184067,0.00179732738001508,452,0.0049422767161079,1077,0.00558665275771182,655,0.112901439099853,0.0231523551615973,0.127873665844092
"E.UB",21842105.2631579,3458,0.00538359971503991,0.00349905212682823,1805,0.00448802252576195,5300,0.00633584387433976,3167,-0.0446444991888148,-0.662769494841978,0.553311599734394
"delta.deaths",27052631.5789474,4884,0.0165019532803213,0.0093804676370258,2905,0.0137764743815335,6974,0.0194316267053066,4486,0.101946790799395,-0.623258210694725,0.550314565247044
"che.10",27052631.5789474,2985,0.0843997287732175,0.0582193793903014,1798,0.081634455243582,4235,0.0873718355849685,2874,0.0751799889522146,-0.3591687275789,0.329474831531594
"che.25",27052631.5789474,2789,0.0839473416198169,0.058230529967666,1735,0.0812643451974303,3969,0.086834825561137,2631,0.132980661080584,-0.336619721536916,0.335716232783586
"delta.deaths.LB",27052631.5789474,4871,0.0142882128647828,0.00809490618167634,2919,0.0118519082222581,6972,0.0168672832429254,4428,0.0937144294327357,-0.613451579457679,0.577580266003156
"che.10.LB",27052631.5789474,2985,0.0843997287732175,0.0582193793903014,1798,0.081634455243582,4235,0.0873718355849685,2874,0.0751799889522146,-0.3591687275789,0.329474831531594
"delta.deaths.UB",27052631.5789474,4884,0.0165019532803213,0.0093804676370258,2905,0.0137764743815335,6974,0.0194316267053066,4486,0.101946790799395,-0.623258210694725,0.550314565247044
"che.10.UB",27052631.5789474,2353,0.0703892165172257,0.0520454888660933,1647,0.053991160806191,3160,0.0910770752746533,2302,0.148444931345735,-0.322356938059695,0.293315704406388
"delta.deaths.npv",27052631.5789474,4884,0.0165019532803213,0.0093804676370258,2905,0.0137764743815335,6974,0.0194316267053066,4486,0.101946790799395,-0.623258210694725,0.550314565247044
"E",27052631.5789474,2873,0.017102126086514,0.00904289080320943,1833,0.0146936618483139,4009,0.0196218801339845,2706,0.293455672607664,-0.306045656200285,0.352789935442053
"E.LB",27052631.5789474,742,0.00522630794184067,0.00179732738001508,452,0.0049422767161079,1077,0.00558665275771182,655,0.112901439099853,0.0231523551615973,0.127873665844092
"E.UB",27052631.5789474,4049,0.013491877005018,0.00664740213366287,2252,0.0113633825647067,5913,0.0158785112593688,3810,-0.00506379006212844,-0.623723051825643,0.596903365485556
"delta.deaths",32263157.8947368,5123,0.0166392515263834,0.00938055218098672,3051,0.0139135199137974,7358,0.019569124162314,4679,0.000270909713094271,-0.745438301625938,0.625580154292391
"che.10",32263157.8947368,3424,0.0848016493818242,0.058363123126662,2059,0.0820363206757055,4901,0.0877739642589766,3182,0.106642598168947,-0.364355321106001,0.411888819516563
"che.25",32263157.8947368,3084,0.084399749838316,0.0582193794166137,1870,0.0816344691315433,4396,0.0873720558610124,2929,0.0708331091040382,-0.373273371439144,0.374243936740814
"delta.deaths.LB",32263157.8947368,5123,0.0166392515263834,0.00938055218098672,3051,0.0139135199137974,7358,0.019569124162314,4679,0.000270909713094271,-0.745438301625938,0.625580154292391
"che.10.LB",32263157.8947368,3424,0.0848016493818242,0.058363123126662,2059,0.0820363206757055,4901,0.0877739642589766,3182,0.106642598168947,-0.364355321106001,0.411888819516563
"delta.deaths.UB",32263157.8947368,5123,0.0166392515263834,0.00938055218098672,3051,0.0139135199137974,7358,0.019569124162314,4679,0.000270909713094271,-0.745438301625938,0.625580154292391
"che.10.UB",32263157.8947368,2795,0.0737431940458106,0.0539411182832391,1893,0.0569454270824238,3827,0.0949125725794518,2668,0.143671032445289,-0.409228717969756,0.39304814503061
"delta.deaths.npv",32263157.8947368,5123,0.0166392515263834,0.00938055218098672,3051,0.0139135199137974,7358,0.019569124162314,4679,0.000270909713094271,-0.745438301625938,0.625580154292391
"E",32263157.8947368,3339,0.0179985670578648,0.00957408399017715,2007,0.0154752149811984,4786,0.0206729594317389,3093,0.311285925800981,-0.350157957214014,0.439190087736713
"E.LB",32263157.8947368,742,0.00522630794184067,0.00179732738001508,452,0.0049422767161079,1077,0.00558665275771182,655,0.112901439099853,0.0231523551615973,0.127873665844092
"E.UB",32263157.8947368,5123,0.0166392515263834,0.00938055218098672,3051,0.0139135199137974,7358,0.019569124162314,4679,0.000270909713094271,-0.745438301625938,0.625580154292391
"delta.deaths",37473684.2105263,5143,0.0169070347346,0.00948835888383928,3058,0.0141748067509724,7397,0.0198426726798268,4700,0.00249030223956066,-0.759313942169686,0.642108971264365
"che.10",37473684.2105263,1264,0.129812445252421,0.0964380274356376,884,0.114880229526791,1734,0.148973263267243,1185,0.0845440916538334,-0.225717052300453,0.24012866977636
"che.25",37473684.2105263,1264,0.129812445252421,0.0964380274356376,884,0.114880229526791,1734,0.148973263267243,1185,0.0845440916538334,-0.225717052300453,0.24012866977636
"delta.deaths.LB",37473684.2105263,5060,0.0191098448842357,0.00974792943222537,3101,0.0163907782668029,7199,0.0220465523331507,4647,0.125810751179553,-0.482645721853088,0.619695864817508
"che.10.LB",37473684.2105263,1264,0.129812445252421,0.0964380274356376,884,0.114880229526791,1734,0.148973263267243,1185,0.0845440916538334,-0.225717052300453,0.24012866977636
"delta.deaths.UB",37473684.2105263,5143,0.0169070347346,0.00948835888383928,3058,0.0141748067509724,7397,0.0198426726798268,4700,0.00249030223956066,-0.759313942169686,0.642108971264365
"che.10.UB",37473684.2105263,1264,0.129812445252421,0.0964380274356376,884,0.114880229526791,1734,0.148973263267243,1185,0.0845440916538334,-0.225717052300453,0.24012866977636
"delta.deaths.npv",37473684.2105263,5143,0.0169070347346,0.00948835888383928,3058,0.0141748067509724,7397,0.0198426726798268,4700,0.00249030223956066,-0.759313942169686,0.642108971264365
"E",37473684.2105263,4049,0.0202469919409604,0.0108596655076439,2526,0.0174298980477176,5715,0.0232778327255801,3650,0.322218343426215,-0.412681271444938,0.47407307440806
"E.LB",37473684.2105263,742,0.00522630794184067,0.00179732738001508,452,0.0049422767161079,1077,0.00558665275771182,655,0.112901439099853,0.0231523551615973,0.127873665844092
"E.UB",37473684.2105263,4677,0.0190779578606567,0.00974846981583808,2720,0.0163622303749214,6780,0.0220117180472569,4387,0.16375944336093,-0.560605235495592,0.65042946685326
"delta.deaths",42684210.5263158,5314,0.0192498773789803,0.00974857434297941,3185,0.0165293511505453,7605,0.0221890845075927,4915,0.0778242580777314,-0.69318807783995,0.653536427698406
"che.10",42684210.5263158,2614,0.139738468481331,0.101567934114555,1772,0.123227907701153,3557,0.160525772761019,2503,0.135081847074201,-0.366439846984865,0.359347795417193
"che.25",42684210.5263158,2614,0.139738468481331,0.101567934114555,1772,0.123227907701153,3557,0.160525772761019,2503,0.135081847074201,-0.366439846984865,0.359347795417193
"delta.deaths.LB",42684210.5263158,5261,0.0204548912310919,0.0105147589418659,3192,0.0175465053672203,7548,0.0236179606408919,4850,0.170160276110937,-0.600969246481081,0.652017880036857
"che.10.LB",42684210.5263158,2614,0.139738468481331,0.101567934114555,1772,0.123227907701153,3557,0.160525772761019,2503,0.135081847074201,-0.366439846984865,0.359347795417193
"delta.deaths.UB",42684210.5263158,5308,0.0210832142684572,0.0109512416141864,3176,0.0181458918455594,7607,0.0242469095250742,4865,0.177891365838233,-0.606105509146307,0.67417641694021
"che.10.UB",42684210.5263158,2587,0.139712933486437,0.101559968315941,1762,0.12313966503022,3478,0.160623371986919,2476,0.140726427668111,-0.356766329857981,0.366318474527445
"delta.deaths.npv",42684210.5263158,5314,0.0192498773789803,0.00974857434297941,3185,0.0165293511505453,7605,0.0221890845075927,4915,0.0778242580777314,-0.69318807783995,0.653536427698406
"E",42684210.5263158,4069,0.0205147751491771,0.0109674722104964,2533,0.0176911848848925,5753,0.0235513812430928,3670,0.324437735952681,-0.426556911988685,0.490601891380034
"E.LB",42684210.5263158,742,0.00522630794184067,0.00179732738001508,452,0.0049422767161079,1077,0.00558665275771182,655,0.112901439099853,0.0231523551615973,0.127873665844092
"E.UB",42684210.5263158,4557,0.0185849888735394,0.00839176132136251,2586,0.0161630720034671,6666,0.0213353382092397,4318,0.0631840745268362,-0.636185304704282,0.691297506028043
"delta.deaths",47894736.8421053,5526,0.0214636599247159,0.0110341358509534,3313,0.0184539450857432,7931,0.0247538685220617,5082,0.0773628597480385,-0.731203996797484,0.715808937360734
"che.10",47894736.8421053,3342,0.142672735049354,0.1029370555335,2083,0.125704764449087,4706,0.164049476936847,3231,0.0912658199303347,-0.451876166472643,0.434851414009616
"che.25",47894736.8421053,3342,0.142672735049354,0.1029370555335,2083,0.125704764449087,4706,0.164049476936847,3231,0.0912658199303347,-0.451876166472643,0.434851414009616
"delta.deaths.LB",47894736.8421053,5526,0.0214636599247159,0.0110341358509534,3313,0.0184539450857432,7931,0.0247538685220617,5082,0.0773628597480385,-0.731203996797484,0.715808937360734
"che.10.LB",47894736.8421053,3342,0.142672735049354,0.1029370555335,2083,0.125704764449087,4706,0.164049476936847,3231,0.0912658199303347,-0.451876166472643,0.434851414009616
"delta.deaths.UB",47894736.8421053,5526,0.0214636599247159,0.0110341358509534,3313,0.0184539450857432,7931,0.0247538685220617,5082,0.0773628597480385,-0.731203996797484,0.715808937360734
"che.10.UB",47894736.8421053,3342,0.142672735049354,0.1029370555335,2083,0.125704764449087,4706,0.164049476936847,3231,0.0912658199303347,-0.451876166472643,0.434851414009616
"delta.deaths.npv",47894736.8421053,5526,0.0214636599247159,0.0110341358509534,3313,0.0184539450857432,7931,0.0247538685220617,5082,0.0773628597480385,-0.731203996797484,0.715808937360734
"E",47894736.8421053,4069,0.0205147751491771,0.0109674722104964,2533,0.0176911848848925,5753,0.0235513812430928,3670,0.324437735952681,-0.426556911988685,0.490601891380034
"E.LB",47894736.8421053,742,0.00522630794184067,0.00179732738001508,452,0.0049422767161079,1077,0.00558665275771182,655,0.112901439099853,0.0231523551615973,0.127873665844092
"E.UB",47894736.8421053,5526,0.0214636599247159,0.0110341358509534,3313,0.0184539450857432,7931,0.0247538685220617,5082,0.0773628597480385,-0.731203996797484,0.715808937360734
"delta.deaths",53105263.1578947,5546,0.0217314431329325,0.011141942553806,3320,0.0187152319229182,7969,0.0250274170395744,5103,0.0795822522745049,-0.745079637341232,0.732337754332708
"che.10",53105263.1578947,3780,0.143074655657961,0.10308079926986,2344,0.12610662988121,5372,0.164451605610855,3538,0.122728429147067,-0.457062759999744,0.517265401994585
"che.25",53105263.1578947,3263,0.142865102254087,0.103187855754549,2159,0.125986661613569,4528,0.164135695506989,3021,0.169449825483813,-0.426436396733211,0.48693004141164
"delta.deaths.LB",53105263.1578947,5479,0.0749122578025203,0.054098228324185,3336,0.0579838291193022,7829,0.096246765514193,5036,0.0163567406912144,-0.838145740519681,0.730956736770413
"che.10.LB",53105263.1578947,3780,0.143074655657961,0.10308079926986,2344,0.12610662988121,5372,0.164451605610855,3538,0.122728429147067,-0.457062759999744,0.517265401994585
"delta.deaths.UB",53105263.1578947,5546,0.0217314431329325,0.011141942553806,3320,0.0187152319229182,7969,0.0250274170395744,5103,0.0795822522745049,-0.745079637341232,0.732337754332708
"che.10.UB",53105263.1578947,3780,0.143074655657961,0.10308079926986,2344,0.12610662988121,5372,0.164451605610855,3538,0.122728429147067,-0.457062759999744,0.517265401994585
"delta.deaths.npv",53105263.1578947,5546,0.0217314431329325,0.011141942553806,3320,0.0187152319229182,7969,0.0250274170395744,5103,0.0795822522745049,-0.745079637341232,0.732337754332708
"E",53105263.1578947,3696,0.0762715733340017,0.0542917601333754,2292,0.0595455241867032,5257,0.0973506007836178,3450,0.327371756779101,-0.442865396107757,0.544566670214735
"E.LB",53105263.1578947,742,0.00522630794184067,0.00179732738001508,452,0.0049422767161079,1077,0.00558665275771182,655,0.112901439099853,0.0231523551615973,0.127873665844092
"E.UB",53105263.1578947,5546,0.0217314431329325,0.011141942553806,3320,0.0187152319229182,7969,0.0250274170395744,5103,0.0795822522745049,-0.745079637341232,0.732337754332708
"delta.deaths",58315789.4736842,5546,0.0217314431329325,0.011141942553806,3320,0.0187152319229182,7969,0.0250274170395744,5103,0.0795822522745049,-0.745079637341232,0.732337754332708
"che.10",58315789.4736842,3095,0.144806045354959,0.10330432750364,2096,0.12793935446898,4232,0.16608019893679,2984,0.208974292257075,-0.36922858273662,0.460712615069932
"che.25",58315789.4736842,3095,0.144806045354959,0.10330432750364,2096,0.12793935446898,4232,0.16608019893679,2984,0.208974292257075,-0.36922858273662,0.460712615069932
"delta.deaths.LB",58315789.4736842,5291,0.0765113596477121,0.0539463131839848,3340,0.0596906793980875,7510,0.0977255629848234,4910,0.137364997282447,-0.553193857501396,0.69177787380778
"che.10.LB",58315789.4736842,3095,0.144806045354959,0.10330432750364,2096,0.12793935446898,4232,0.16608019893679,2984,0.208974292257075,-0.36922858273662,0.460712615069932
"delta.deaths.UB",58315789.4736842,5546,0.0217314431329325,0.011141942553806,3320,0.0187152319229182,7969,0.0250274170395744,5103,0.0795822522745049,-0.745079637341232,0.732337754332708
"che.10.UB",58315789.4736842,3095,0.144806045354959,0.10330432750364,2096,0.12793935446898,4232,0.16608019893679,2984,0.208974292257075,-0.36922858273662,0.460712615069932
"delta.deaths.npv",58315789.4736842,5546,0.0217314431329325,0.011141942553806,3320,0.0187152319229182,7969,0.0250274170395744,5103,0.0795822522745049,-0.745079637341232,0.732337754332708
"E",58315789.4736842,4405,0.0785199982170973,0.0555773416508422,2810,0.0615002072532224,6186,0.099955474077459,4006,0.338304174404335,-0.50538871033868,0.579449656886082
"E.LB",58315789.4736842,742,0.00522630794184067,0.00179732738001508,452,0.0049422767161079,1077,0.00558665275771182,655,0.112901439099853,0.0231523551615973,0.127873665844092
"E.UB",58315789.4736842,4928,0.0770822606666048,0.0543753704413034,2932,0.0601732753136115,7070,0.0984172768090125,4638,0.188689359785029,-0.626616116682242,0.751640691857138
"delta.deaths",63526315.7894737,5644,0.0795993679547907,0.0557517274501908,3451,0.062387208758984,8018,0.101294012416933,5245,0.19512457181246,-0.701731344760014,0.745919930793409
"che.10",63526315.7894737,3745,0.147497143447687,0.104590639203466,2345,0.130245189621033,5278,0.169234221296595,3634,0.168357769965279,-0.43764186164419,0.525080197077959
"che.25",63526315.7894737,3305,0.147399936585996,0.104726902743178,2238,0.130247572952687,4447,0.169023600047842,3107,0.231001502978092,-0.29547732574171,0.460351238922104
"delta.deaths.LB",63526315.7894737,5630,0.0773856275392522,0.0544661659948413,3466,0.0604626425997087,8016,0.0987296689545519,5187,0.1868922104458,-0.691924713522968,0.773185631549521
"che.10.LB",63526315.7894737,3305,0.147399936585996,0.104726902743178,2238,0.130247572952687,4447,0.169023600047842,3107,0.231001502978092,-0.29547732574171,0.460351238922104
"delta.deaths.UB",63526315.7894737,5634,0.0899158853812672,0.060029322909362,3382,0.0868320412355516,8090,0.0933015345341216,5163,0.0651127711951876,-0.743454085350335,0.755517133994041
"che.10.UB",63526315.7894737,3745,0.147497143447687,0.104590639203466,2345,0.130245189621033,5278,0.169234221296595,3634,0.168357769965279,-0.43764186164419,0.525080197077959
"delta.deaths.npv",63526315.7894737,5644,0.0795993679547907,0.0557517274501908,3451,0.062387208758984,8018,0.101294012416933,5245,0.19512457181246,-0.701731344760014,0.745919930793409
"E",63526315.7894737,4425,0.078787781425314,0.0556851483536947,2817,0.0617614940903973,6224,0.100229022594972,4027,0.340523566930801,-0.519264350882428,0.595978473858056
"E.LB",63526315.7894737,742,0.00522630794184067,0.00179732738001508,452,0.0049422767161079,1077,0.00558665275771182,655,0.112901439099853,0.0231523551615973,0.127873665844092
"E.UB",63526315.7894737,4809,0.0765892916794874,0.0530186619468279,2798,0.0599741169421573,6956,0.0977408969709953,4569,0.0881139909509359,-0.702196185890932,0.792508731031921
"delta.deaths",68736842.1052632,5882,0.0797366662008528,0.0557518119941517,3598,0.062524254291248,8402,0.101431509873941,5439,0.0934486907261586,-0.823911435691227,0.821185519838756
"che.10",68736842.1052632,4183,0.147899064056294,0.104734382939827,2606,0.130647055053156,5945,0.169636349970603,3941,0.199820379182011,-0.44282845517129,0.607494185062928
"che.25",68736842.1052632,3666,0.147689510652419,0.104841439424515,2421,0.130527086785515,5101,0.169320439866736,3424,0.246541775518758,-0.412202091904758,0.577158824479983
"delta.deaths.LB",68736842.1052632,5882,0.0797366662008528,0.0557518119941517,3598,0.062524254291248,8402,0.101431509873941,5439,0.0934486907261586,-0.823911435691227,0.821185519838756
"che.10.LB",68736842.1052632,4183,0.147899064056294,0.104734382939827,2606,0.130647055053156,5945,0.169636349970603,3941,0.199820379182011,-0.44282845517129,0.607494185062928
"delta.deaths.UB",68736842.1052632,5882,0.0797366662008528,0.0557518119941517,3598,0.062524254291248,8402,0.101431509873941,5439,0.0934486907261586,-0.823911435691227,0.821185519838756
"che.10.UB",68736842.1052632,4183,0.147899064056294,0.104734382939827,2606,0.130647055053156,5945,0.169636349970603,3941,0.199820379182011,-0.44282845517129,0.607494185062928
"delta.deaths.npv",68736842.1052632,5882,0.0797366662008528,0.0557518119941517,3598,0.062524254291248,8402,0.101431509873941,5439,0.0934486907261586,-0.823911435691227,0.821185519838756
"E",68736842.1052632,4425,0.078787781425314,0.0556851483536947,2817,0.0617614940903973,6224,0.100229022594972,4027,0.340523566930801,-0.519264350882428,0.595978473858056
"E.LB",68736842.1052632,742,0.00522630794184067,0.00179732738001508,452,0.0049422767161079,1077,0.00558665275771182,655,0.112901439099853,0.0231523551615973,0.127873665844092
"E.UB",68736842.1052632,5882,0.0797366662008528,0.0557518119941517,3598,0.062524254291248,8402,0.101431509873941,5439,0.0934486907261586,-0.823911435691227,0.821185519838756
"delta.deaths",73947368.4210526,5902,0.0800044494090694,0.0558596186970043,3605,0.062785541128423,8440,0.101705058391453,5459,0.095668083252625,-0.837787076234975,0.83771433681073
"che.10",73947368.4210526,4342,0.148304124445474,0.104842274160328,2688,0.131045373534634,6205,0.170047175669079,4100,0.104710770470353,-0.564779542786007,0.654519485871029
"che.25",73947368.4210526,4544,0.148191796723201,0.104854090438208,2742,0.130919486948995,6600,0.169962347085664,4255,0.215338440026568,-0.478657093483333,0.677128580841812
"delta.deaths.LB",73947368.4210526,5902,0.0800044494090694,0.0558596186970043,3605,0.062785541128423,8440,0.101705058391453,5459,0.095668083252625,-0.837787076234975,0.83771433681073
"che.10.LB",73947368.4210526,4342,0.148304124445474,0.104842274160328,2688,0.131045373534634,6205,0.170047175669079,4100,0.104710770470353,-0.564779542786007,0.654519485871029
"delta.deaths.UB",73947368.4210526,5902,0.0800044494090694,0.0558596186970043,3605,0.062785541128423,8440,0.101705058391453,5459,0.095668083252625,-0.837787076234975,0.83771433681073
"che.10.UB",73947368.4210526,4342,0.148304124445474,0.104842274160328,2688,0.131045373534634,6205,0.170047175669079,4100,0.104710770470353,-0.564779542786007,0.654519485871029
"delta.deaths.npv",73947368.4210526,5902,0.0800044494090694,0.0558596186970043,3605,0.062785541128423,8440,0.101705058391453,5459,0.095668083252625,-0.837787076234975,0.83771433681073
"E",73947368.4210526,4425,0.078787781425314,0.0556851483536947,2817,0.0617614940903973,6224,0.100229022594972,4027,0.340523566930801,-0.519264350882428,0.595978473858056
"E.LB",73947368.4210526,742,0.00522630794184067,0.00179732738001508,452,0.0049422767161079,1077,0.00558665275771182,655,0.112901439099853,0.0231523551615973,0.127873665844092
"E.UB",73947368.4210526,5902,0.0800044494090694,0.0558596186970043,3605,0.062785541128423,8440,0.101705058391453,5459,0.095668083252625,-0.837787076234975,0.83771433681073
"delta.deaths",79157894.7368421,5902,0.0800044494090694,0.0558596186970043,3605,0.062785541128423,8440,0.101705058391453,5459,0.095668083252625,-0.837787076234975,0.83771433681073
"che.10",79157894.7368421,5358,0.148428927962952,0.104842344514154,3393,0.131150923204205,7475,0.170194580260399,5007,0.0294705779417339,-0.697407970383149,0.731434665173916
"che.25",79157894.7368421,4797,0.148331829217945,0.104854735348962,2826,0.131058059832738,7005,0.170104879260106,4523,0.167351946924746,-0.689199449470196,0.710969143722711
"delta.deaths.LB",79157894.7368421,5902,0.0800044494090694,0.0558596186970043,3605,0.062785541128423,8440,0.101705058391453,5459,0.095668083252625,-0.837787076234975,0.83771433681073
"che.10.LB",79157894.7368421,5358,0.148428927962952,0.104842344514154,3393,0.131150923204205,7475,0.170194580260399,5007,0.0294705779417339,-0.697407970383149,0.731434665173916
"delta.deaths.UB",79157894.7368421,5902,0.0800044494090694,0.0558596186970043,3605,0.062785541128423,8440,0.101705058391453,5459,0.095668083252625,-0.837787076234975,0.83771433681073
"che.10.UB",79157894.7368421,5101,0.148419214019184,0.104854225273878,3060,0.131131965243587,7327,0.170206719302531,4857,0.0357223101530736,-0.68074892901781,0.767160661762588
"delta.deaths.npv",79157894.7368421,5902,0.0800044494090694,0.0558596186970043,3605,0.062785541128423,8440,0.101705058391453,5459,0.095668083252625,-0.837787076234975,0.83771433681073
"E",79157894.7368421,4425,0.078787781425314,0.0556851483536947,2817,0.0617614940903973,6224,0.100229022594972,4027,0.340523566930801,-0.519264350882428,0.595978473858056
"E.LB",79157894.7368421,742,0.00522630794184067,0.00179732738001508,452,0.0049422767161079,1077,0.00558665275771182,655,0.112901439099853,0.0231523551615973,0.127873665844092
"E.UB",79157894.7368421,5902,0.0800044494090694,0.0558596186970043,3605,0.062785541128423,8440,0.101705058391453,5459,0.095668083252625,-0.837787076234975,0.83771433681073
"delta.deaths",84368421.0526316,5991,0.148188891657404,0.10474699905256,3666,0.130902350441056,8561,0.169979175886,5520,0.0811986021733077,-0.836161524244078,0.860893716472063
"che.10",84368421.0526316,5797,0.148453898486741,0.104854245335995,3593,0.13116208215083,8254,0.170247249133991,5356,0.0384223664116474,-0.733465612011688,0.829309349190047
"che.25",84368421.0526316,5414,0.148422011463162,0.104854785719608,3212,0.131133534258949,7834,0.170212414848097,5096,0.0763710585930239,-0.811425125654192,0.860042951225799
"delta.deaths.LB",84368421.0526316,5991,0.148188891657404,0.10474699905256,3666,0.130902350441056,8561,0.169979175886,5520,0.0811986021733077,-0.836161524244078,0.860893716472063
"che.10.LB",84368421.0526316,5797,0.148453898486741,0.104854245335995,3593,0.13116208215083,8254,0.170247249133991,5356,0.0384223664116474,-0.733465612011688,0.829309349190047
"delta.deaths.UB",84368421.0526316,5991,0.148188891657404,0.10474699905256,3666,0.130902350441056,8561,0.169979175886,5520,0.0811986021733077,-0.836161524244078,0.860893716472063
"che.10.UB",84368421.0526316,5797,0.148453898486741,0.104854245335995,3593,0.13116208215083,8254,0.170247249133991,5356,0.0384223664116474,-0.733465612011688,0.829309349190047
"delta.deaths.npv",84368421.0526316,5991,0.148188891657404,0.10474699905256,3666,0.130902350441056,8561,0.169979175886,5520,0.0811986021733077,-0.836161524244078,0.860893716472063
"E",84368421.0526316,4425,0.078787781425314,0.0556851483536947,2817,0.0617614940903973,6224,0.100229022594972,4027,0.340523566930801,-0.519264350882428,0.595978473858056
"E.LB",84368421.0526316,742,0.00522630794184067,0.00179732738001508,452,0.0049422767161079,1077,0.00558665275771182,655,0.112901439099853,0.0231523551615973,0.127873665844092
"E.UB",84368421.0526316,5991,0.148188891657404,0.10474699905256,3666,0.130902350441056,8561,0.169979175886,5520,0.0811986021733077,-0.836161524244078,0.860893716472063
"delta.deaths",89578947.368421,6011,0.148456674865621,0.104854805755413,3674,0.131163637278231,8599,0.170252724403513,5540,0.0834179946997741,-0.850037164787826,0.877422533444037
"che.10",89578947.368421,6011,0.148456674865621,0.104854805755413,3674,0.131163637278231,8599,0.170252724403513,5540,0.0834179946997741,-0.850037164787826,0.877422533444037
"che.25",89578947.368421,6011,0.148456674865621,0.104854805755413,3674,0.131163637278231,8599,0.170252724403513,5540,0.0834179946997741,-0.850037164787826,0.877422533444037
"delta.deaths.LB",89578947.368421,6011,0.148456674865621,0.104854805755413,3674,0.131163637278231,8599,0.170252724403513,5540,0.0834179946997741,-0.850037164787826,0.877422533444037
"che.10.LB",89578947.368421,6011,0.148456674865621,0.104854805755413,3674,0.131163637278231,8599,0.170252724403513,5540,0.0834179946997741,-0.850037164787826,0.877422533444037
"delta.deaths.UB",89578947.368421,6011,0.148456674865621,0.104854805755413,3674,0.131163637278231,8599,0.170252724403513,5540,0.0834179946997741,-0.850037164787826,0.877422533444037
"che.10.UB",89578947.368421,6011,0.148456674865621,0.104854805755413,3674,0.131163637278231,8599,0.170252724403513,5540,0.0834179946997741,-0.850037164787826,0.877422533444037
"delta.deaths.npv",89578947.368421,6011,0.148456674865621,0.104854805755413,3674,0.131163637278231,8599,0.170252724403513,5540,0.0834179946997741,-0.850037164787826,0.877422533444037
"E",89578947.368421,4425,0.078787781425314,0.0556851483536947,2817,0.0617614940903973,6224,0.100229022594972,4027,0.340523566930801,-0.519264350882428,0.595978473858056
"E.LB",89578947.368421,742,0.00522630794184067,0.00179732738001508,452,0.0049422767161079,1077,0.00558665275771182,655,0.112901439099853,0.0231523551615973,0.127873665844092
"E.UB",89578947.368421,6011,0.148456674865621,0.104854805755413,3674,0.131163637278231,8599,0.170252724403513,5540,0.0834179946997741,-0.850037164787826,0.877422533444037
"delta.deaths",94789473.6842105,6011,0.148456674865621,0.104854805755413,3674,0.131163637278231,8599,0.170252724403513,5540,0.0834179946997741,-0.850037164787826,0.877422533444037
"che.10",94789473.6842105,6011,0.148456674865621,0.104854805755413,3674,0.131163637278231,8599,0.170252724403513,5540,0.0834179946997741,-0.850037164787826,0.877422533444037
"che.25",94789473.6842105,6011,0.148456674865621,0.104854805755413,3674,0.131163637278231,8599,0.170252724403513,5540,0.0834179946997741,-0.850037164787826,0.877422533444037
"delta.deaths.LB",94789473.6842105,6011,0.148456674865621,0.104854805755413,3674,0.131163637278231,8599,0.170252724403513,5540,0.0834179946997741,-0.850037164787826,0.877422533444037
"che.10.LB",94789473.6842105,6011,0.148456674865621,0.104854805755413,3674,0.131163637278231,8599,0.170252724403513,5540,0.0834179946997741,-0.850037164787826,0.877422533444037
"delta.deaths.UB",94789473.6842105,6011,0.148456674865621,0.104854805755413,3674,0.131163637278231,8599,0.170252724403513,5540,0.0834179946997741,-0.850037164787826,0.877422533444037
"che.10.UB",94789473.6842105,6011,0.148456674865621,0.104854805755413,3674,0.131163637278231,8599,0.170252724403513,5540,0.0834179946997741,-0.850037164787826,0.877422533444037
"delta.deaths.npv",94789473.6842105,6011,0.148456674865621,0.104854805755413,3674,0.131163637278231,8599,0.170252724403513,5540,0.0834179946997741,-0.850037164787826,0.877422533444037
"E",94789473.6842105,4425,0.078787781425314,0.0556851483536947,2817,0.0617614940903973,6224,0.100229022594972,4027,0.340523566930801,-0.519264350882428,0.595978473858056
"E.LB",94789473.6842105,742,0.00522630794184067,0.00179732738001508,452,0.0049422767161079,1077,0.00558665275771182,655,0.112901439099853,0.0231523551615973,0.127873665844092
"E.UB",94789473.6842105,6011,0.148456674865621,0.104854805755413,3674,0.131163637278231,8599,0.170252724403513,5540,0.0834179946997741,-0.850037164787826,0.877422533444037
"delta.deaths",100000000,6011,0.148456674865621,0.104854805755413,3674,0.131163637278231,8599,0.170252724403513,5540,0.0834179946997741,-0.850037164787826,0.877422533444037
"che.10",100000000,6011,0.148456674865621,0.104854805755413,3674,0.131163637278231,8599,0.170252724403513,5540,0.0834179946997741,-0.850037164787826,0.877422533444037
"che.25",100000000,6011,0.148456674865621,0.104854805755413,3674,0.131163637278231,8599,0.170252724403513,5540,0.0834179946997741,-0.850037164787826,0.877422533444037
"delta.deaths.LB",100000000,6011,0.148456674865621,0.104854805755413,3674,0.131163637278231,8599,0.170252724403513,5540,0.0834179946997741,-0.850037164787826,0.877422533444037
"che.10.LB",100000000,6011,0.148456674865621,0.104854805755413,3674,0.131163637278231,8599,0.170252724403513,5540,0.0834179946997741,-0.850037164787826,0.877422533444037
"delta.deaths.UB",100000000,6011,0.148456674865621,0.104854805755413,3674,0.131163637278231,8599,0.170252724403513,5540,0.0834179946997741,-0.850037164787826,0.877422533444037
"che.10.UB",100000000,6011,0.148456674865621,0.104854805755413,3674,0.131163637278231,8599,0.170252724403513,5540,0.0834179946997741,-0.850037164787826,0.877422533444037
"delta.deaths.npv",100000000,6011,0.148456674865621,0.104854805755413,3674,0.131163637278231,8599,0.170252724403513,5540,0.0834179946997741,-0.850037164787826,0.877422533444037
"E",100000000,4425,0.078787781425314,0.0556851483536947,2817,0.0617614940903973,6224,0.100229022594972,4027,0.340523566930801,-0.519264350882428,0.595978473858056
"E.LB",100000000,742,0.00522630794184067,0.00179732738001508,452,0.0049422767161079,1077,0.00558665275771182,655,0.112901439099853,0.0231523551615973,0.127873665844092
"E.UB",100000000,6011,0.148456674865621,0.104854805755413,3674,0.131163637278231,8599,0.170252724403513,5540,0.0834179946997741,-0.850037164787826,0.877422533444037
