"objective","budget","k","k_bis","constraint","package.cost","package.deaths","package.che.10","package.che.25","package.E"
"delta.deaths",10000000,0,0,"<=",9968633.38947294,2863.25963481754,0.0137337629011276,0.00793863087654332,0.0791977161384057
"delta.deaths",10000000,0,0.0378359518812001,"<=",9968633.38947294,2863.25963481754,0.0137337629011276,0.00793863087654332,0.0791977161384057
"delta.deaths",10000000,0,0.0756719037624002,"<=",9448280.91328106,2824.01381194084,0.0132910686263967,0.0079379006678718,0.135093535903612
"delta.deaths",10000000,0,0.1135078556436,"<=",9448280.91328106,2824.01381194084,0.0132910686263967,0.0079379006678718,0.135093535903612
"delta.deaths",10000000,0,0.1513438075248,"<=",9866949.79669615,2566.43325882835,0.0136583047674463,0.00808162434211519,0.163856088861771
"delta.deaths",10000000,0,0.189179759406001,"<=",0,0,0,0,0
"delta.deaths",10000000,0,0.227015711287201,"<=",0,0,0,0,0
"delta.deaths",10000000,0,0.264851663168401,"<=",0,0,0,0,0
"delta.deaths",10000000,0,0.302687615049601,"<=",0,0,0,0,0
"delta.deaths",10000000,0,0.340523566930801,"<=",0,0,0,0,0
"delta.deaths",10000000,0.0164951860961801,0,"<=",0,0,0,0,0
"delta.deaths",10000000,0.0164951860961801,0.0378359518812001,"<=",0,0,0,0,0
"delta.deaths",10000000,0.0164951860961801,0.0756719037624002,"<=",0,0,0,0,0
"delta.deaths",10000000,0.0164951860961801,0.1135078556436,"<=",0,0,0,0,0
"delta.deaths",10000000,0.0164951860961801,0.1513438075248,"<=",0,0,0,0,0
"delta.deaths",10000000,0.0164951860961801,0.189179759406001,"<=",0,0,0,0,0
"delta.deaths",10000000,0.0164951860961801,0.227015711287201,"<=",0,0,0,0,0
"delta.deaths",10000000,0.0164951860961801,0.264851663168401,"<=",0,0,0,0,0
"delta.deaths",10000000,0.0164951860961801,0.302687615049601,"<=",0,0,0,0,0
"delta.deaths",10000000,0.0164951860961801,0.340523566930801,"<=",0,0,0,0,0
"delta.deaths",10000000,0.0329903721923602,0,"<=",0,0,0,0,0
"delta.deaths",10000000,0.0329903721923602,0.0378359518812001,"<=",0,0,0,0,0
"delta.deaths",10000000,0.0329903721923602,0.0756719037624002,"<=",0,0,0,0,0
"delta.deaths",10000000,0.0329903721923602,0.1135078556436,"<=",0,0,0,0,0
"delta.deaths",10000000,0.0329903721923602,0.1513438075248,"<=",0,0,0,0,0
"delta.deaths",10000000,0.0329903721923602,0.189179759406001,"<=",0,0,0,0,0
"delta.deaths",10000000,0.0329903721923602,0.227015711287201,"<=",0,0,0,0,0
"delta.deaths",10000000,0.0329903721923602,0.264851663168401,"<=",0,0,0,0,0
"delta.deaths",10000000,0.0329903721923602,0.302687615049601,"<=",0,0,0,0,0
"delta.deaths",10000000,0.0329903721923602,0.340523566930801,"<=",0,0,0,0,0
"delta.deaths",10000000,0.0494855582885403,0,"<=",0,0,0,0,0
"delta.deaths",10000000,0.0494855582885403,0.0378359518812001,"<=",0,0,0,0,0
"delta.deaths",10000000,0.0494855582885403,0.0756719037624002,"<=",0,0,0,0,0
"delta.deaths",10000000,0.0494855582885403,0.1135078556436,"<=",0,0,0,0,0
"delta.deaths",10000000,0.0494855582885403,0.1513438075248,"<=",0,0,0,0,0
"delta.deaths",10000000,0.0494855582885403,0.189179759406001,"<=",0,0,0,0,0
"delta.deaths",10000000,0.0494855582885403,0.227015711287201,"<=",0,0,0,0,0
"delta.deaths",10000000,0.0494855582885403,0.264851663168401,"<=",0,0,0,0,0
"delta.deaths",10000000,0.0494855582885403,0.302687615049601,"<=",0,0,0,0,0
"delta.deaths",10000000,0.0494855582885403,0.340523566930801,"<=",0,0,0,0,0
"delta.deaths",10000000,0.0659807443847204,0,"<=",0,0,0,0,0
"delta.deaths",10000000,0.0659807443847204,0.0378359518812001,"<=",0,0,0,0,0
"delta.deaths",10000000,0.0659807443847204,0.0756719037624002,"<=",0,0,0,0,0
"delta.deaths",10000000,0.0659807443847204,0.1135078556436,"<=",0,0,0,0,0
"delta.deaths",10000000,0.0659807443847204,0.1513438075248,"<=",0,0,0,0,0
"delta.deaths",10000000,0.0659807443847204,0.189179759406001,"<=",0,0,0,0,0
"delta.deaths",10000000,0.0659807443847204,0.227015711287201,"<=",0,0,0,0,0
"delta.deaths",10000000,0.0659807443847204,0.264851663168401,"<=",0,0,0,0,0
"delta.deaths",10000000,0.0659807443847204,0.302687615049601,"<=",0,0,0,0,0
"delta.deaths",10000000,0.0659807443847204,0.340523566930801,"<=",0,0,0,0,0
"delta.deaths",10000000,0.0824759304809006,0,"<=",0,0,0,0,0
"delta.deaths",10000000,0.0824759304809006,0.0378359518812001,"<=",0,0,0,0,0
"delta.deaths",10000000,0.0824759304809006,0.0756719037624002,"<=",0,0,0,0,0
"delta.deaths",10000000,0.0824759304809006,0.1135078556436,"<=",0,0,0,0,0
"delta.deaths",10000000,0.0824759304809006,0.1513438075248,"<=",0,0,0,0,0
"delta.deaths",10000000,0.0824759304809006,0.189179759406001,"<=",0,0,0,0,0
"delta.deaths",10000000,0.0824759304809006,0.227015711287201,"<=",0,0,0,0,0
"delta.deaths",10000000,0.0824759304809006,0.264851663168401,"<=",0,0,0,0,0
"delta.deaths",10000000,0.0824759304809006,0.302687615049601,"<=",0,0,0,0,0
"delta.deaths",10000000,0.0824759304809006,0.340523566930801,"<=",0,0,0,0,0
"delta.deaths",10000000,0.0989711165770807,0,"<=",0,0,0,0,0
"delta.deaths",10000000,0.0989711165770807,0.0378359518812001,"<=",0,0,0,0,0
"delta.deaths",10000000,0.0989711165770807,0.0756719037624002,"<=",0,0,0,0,0
"delta.deaths",10000000,0.0989711165770807,0.1135078556436,"<=",0,0,0,0,0
"delta.deaths",10000000,0.0989711165770807,0.1513438075248,"<=",0,0,0,0,0
"delta.deaths",10000000,0.0989711165770807,0.189179759406001,"<=",0,0,0,0,0
"delta.deaths",10000000,0.0989711165770807,0.227015711287201,"<=",0,0,0,0,0
"delta.deaths",10000000,0.0989711165770807,0.264851663168401,"<=",0,0,0,0,0
"delta.deaths",10000000,0.0989711165770807,0.302687615049601,"<=",0,0,0,0,0
"delta.deaths",10000000,0.0989711165770807,0.340523566930801,"<=",0,0,0,0,0
"delta.deaths",10000000,0.115466302673261,0,"<=",0,0,0,0,0
"delta.deaths",10000000,0.115466302673261,0.0378359518812001,"<=",0,0,0,0,0
"delta.deaths",10000000,0.115466302673261,0.0756719037624002,"<=",0,0,0,0,0
"delta.deaths",10000000,0.115466302673261,0.1135078556436,"<=",0,0,0,0,0
"delta.deaths",10000000,0.115466302673261,0.1513438075248,"<=",0,0,0,0,0
"delta.deaths",10000000,0.115466302673261,0.189179759406001,"<=",0,0,0,0,0
"delta.deaths",10000000,0.115466302673261,0.227015711287201,"<=",0,0,0,0,0
"delta.deaths",10000000,0.115466302673261,0.264851663168401,"<=",0,0,0,0,0
"delta.deaths",10000000,0.115466302673261,0.302687615049601,"<=",0,0,0,0,0
"delta.deaths",10000000,0.115466302673261,0.340523566930801,"<=",0,0,0,0,0
"delta.deaths",10000000,0.131961488769441,0,"<=",0,0,0,0,0
"delta.deaths",10000000,0.131961488769441,0.0378359518812001,"<=",0,0,0,0,0
"delta.deaths",10000000,0.131961488769441,0.0756719037624002,"<=",0,0,0,0,0
"delta.deaths",10000000,0.131961488769441,0.1135078556436,"<=",0,0,0,0,0
"delta.deaths",10000000,0.131961488769441,0.1513438075248,"<=",0,0,0,0,0
"delta.deaths",10000000,0.131961488769441,0.189179759406001,"<=",0,0,0,0,0
"delta.deaths",10000000,0.131961488769441,0.227015711287201,"<=",0,0,0,0,0
"delta.deaths",10000000,0.131961488769441,0.264851663168401,"<=",0,0,0,0,0
"delta.deaths",10000000,0.131961488769441,0.302687615049601,"<=",0,0,0,0,0
"delta.deaths",10000000,0.131961488769441,0.340523566930801,"<=",0,0,0,0,0
"delta.deaths",10000000,0.148456674865621,0,"<=",0,0,0,0,0
"delta.deaths",10000000,0.148456674865621,0.0378359518812001,"<=",0,0,0,0,0
"delta.deaths",10000000,0.148456674865621,0.0756719037624002,"<=",0,0,0,0,0
"delta.deaths",10000000,0.148456674865621,0.1135078556436,"<=",0,0,0,0,0
"delta.deaths",10000000,0.148456674865621,0.1513438075248,"<=",0,0,0,0,0
"delta.deaths",10000000,0.148456674865621,0.189179759406001,"<=",0,0,0,0,0
"delta.deaths",10000000,0.148456674865621,0.227015711287201,"<=",0,0,0,0,0
"delta.deaths",10000000,0.148456674865621,0.264851663168401,"<=",0,0,0,0,0
"delta.deaths",10000000,0.148456674865621,0.302687615049601,"<=",0,0,0,0,0
"delta.deaths",10000000,0.148456674865621,0.340523566930801,"<=",0,0,0,0,0
"delta.deaths",32500000,0,0,"<=",31403278.1460662,5122.53629881997,0.0166392515263834,0.00938055218098672,0.000270909713094271
"delta.deaths",32500000,0,0.0378359518812001,"<=",31154630.1068118,5003.52694870011,0.0167697575536365,0.00948827436619063,0.0998193034776855
"delta.deaths",32500000,0,0.0756719037624002,"<=",31154630.1068118,5003.52694870011,0.0167697575536365,0.00948827436619063,0.0998193034776855
"delta.deaths",32500000,0,0.1135078556436,"<=",29524922.6654582,4720.59269628136,0.016257864543054,0.00931468910302707,0.116209773623911
"delta.deaths",32500000,0,0.1513438075248,"<=",28247340.2660675,4485.9073893252,0.0166795963735181,0.00948822402185748,0.186453311961231
"delta.deaths",32500000,0,0.189179759406001,"<=",28087162.4456739,4407.319336491,0.016436427898223,0.00940541430273913,0.189652816813301
"delta.deaths",32500000,0,0.227015711287201,"<=",32402122.1460099,4212.63668759634,0.0183518360042013,0.00951392025321631,0.234821864180473
"delta.deaths",32500000,0,0.264851663168401,"<=",31375434.2132331,3900.46369568093,0.0182736436218374,0.00965635335199507,0.265790848919358
"delta.deaths",32500000,0,0.302687615049601,"<=",32384124.2234104,3643.52157497455,0.0154323912869005,0.00701455925131452,0.308001507941209
"delta.deaths",32500000,0,0.340523566930801,"<=",0,0,0,0,0
"delta.deaths",32500000,0.0164951860961801,0,"<=",31403278.1460662,5122.53629881997,0.0166392515263834,0.00938055218098672,0.000270909713094271
"delta.deaths",32500000,0.0164951860961801,0.0378359518812001,"<=",31154630.1068118,5003.52694870011,0.0167697575536365,0.00948827436619063,0.0998193034776855
"delta.deaths",32500000,0.0164951860961801,0.0756719037624002,"<=",31154630.1068118,5003.52694870011,0.0167697575536365,0.00948827436619063,0.0998193034776855
"delta.deaths",32500000,0.0164951860961801,0.1135078556436,"<=",28247340.2660675,4485.9073893252,0.0166795963735181,0.00948822402185748,0.186453311961231
"delta.deaths",32500000,0.0164951860961801,0.1513438075248,"<=",28247340.2660675,4485.9073893252,0.0166795963735181,0.00948822402185748,0.186453311961231
"delta.deaths",32500000,0.0164951860961801,0.189179759406001,"<=",27186669.6360675,4386.88427843651,0.0166795753084196,0.0094882239955452,0.190800191809408
"delta.deaths",32500000,0.0164951860961801,0.227015711287201,"<=",32402122.1460099,4212.63668759634,0.0183518360042013,0.00951392025321631,0.234821864180473
"delta.deaths",32500000,0.0164951860961801,0.264851663168401,"<=",31375434.2132331,3900.46369568093,0.0182736436218374,0.00965635335199507,0.265790848919358
"delta.deaths",32500000,0.0164951860961801,0.302687615049601,"<=",30154585.7628395,3595.76622077566,0.018008281001633,0.00956220323045328,0.305034193589641
"delta.deaths",32500000,0.0164951860961801,0.340523566930801,"<=",0,0,0,0,0
"delta.deaths",32500000,0.0329903721923602,0,"<=",32263852.3833942,4222.30611710637,0.082067037863659,0.0568550135665737,0.0138501888210051
"delta.deaths",32500000,0.0329903721923602,0.0378359518812001,"<=",32441284.4530326,4142.49135119289,0.0822008194731817,0.0569040467619749,0.0395605144198939
"delta.deaths",32500000,0.0329903721923602,0.0756719037624002,"<=",32468713.6430698,3944.83773174518,0.081532819709282,0.0564873803394646,0.126117520900323
"delta.deaths",32500000,0.0329903721923602,0.1135078556436,"<=",32468713.6430698,3944.83773174518,0.081532819709282,0.0564873803394646,0.126117520900323
"delta.deaths",32500000,0.0329903721923602,0.1513438075248,"<=",32468713.6430698,3817.75142056279,0.0815106466294712,0.0564760399633534,0.15781448087036
"delta.deaths",32500000,0.0329903721923602,0.189179759406001,"<=",31785079.200833,3584.14318103312,0.0821479910704343,0.0570773918820587,0.19930168485562
"delta.deaths",32500000,0.0329903721923602,0.227015711287201,"<=",0,0,0,0,0
"delta.deaths",32500000,0.0329903721923602,0.264851663168401,"<=",0,0,0,0,0
"delta.deaths",32500000,0.0329903721923602,0.302687615049601,"<=",0,0,0,0,0
"delta.deaths",32500000,0.0329903721923602,0.340523566930801,"<=",0,0,0,0,0
"delta.deaths",32500000,0.0494855582885403,0,"<=",32263852.3833942,4222.30611710637,0.082067037863659,0.0568550135665737,0.0138501888210051
"delta.deaths",32500000,0.0494855582885403,0.0378359518812001,"<=",32441284.4530326,4142.49135119289,0.0822008194731817,0.0569040467619749,0.0395605144198939
"delta.deaths",32500000,0.0494855582885403,0.0756719037624002,"<=",32468713.6430698,3944.83773174518,0.081532819709282,0.0564873803394646,0.126117520900323
"delta.deaths",32500000,0.0494855582885403,0.1135078556436,"<=",32468713.6430698,3944.83773174518,0.081532819709282,0.0564873803394646,0.126117520900323
"delta.deaths",32500000,0.0494855582885403,0.1513438075248,"<=",32468713.6430698,3817.75142056279,0.0815106466294712,0.0564760399633534,0.15781448087036
"delta.deaths",32500000,0.0494855582885403,0.189179759406001,"<=",31785079.200833,3584.14318103312,0.0821479910704343,0.0570773918820587,0.19930168485562
"delta.deaths",32500000,0.0494855582885403,0.227015711287201,"<=",0,0,0,0,0
"delta.deaths",32500000,0.0494855582885403,0.264851663168401,"<=",0,0,0,0,0
"delta.deaths",32500000,0.0494855582885403,0.302687615049601,"<=",0,0,0,0,0
"delta.deaths",32500000,0.0494855582885403,0.340523566930801,"<=",0,0,0,0,0
"delta.deaths",32500000,0.0659807443847204,0,"<=",32263852.3833942,4222.30611710637,0.082067037863659,0.0568550135665737,0.0138501888210051
"delta.deaths",32500000,0.0659807443847204,0.0378359518812001,"<=",32441284.4530326,4142.49135119289,0.0822008194731817,0.0569040467619749,0.0395605144198939
"delta.deaths",32500000,0.0659807443847204,0.0756719037624002,"<=",32468713.6430698,3944.83773174518,0.081532819709282,0.0564873803394646,0.126117520900323
"delta.deaths",32500000,0.0659807443847204,0.1135078556436,"<=",32468713.6430698,3944.83773174518,0.081532819709282,0.0564873803394646,0.126117520900323
"delta.deaths",32500000,0.0659807443847204,0.1513438075248,"<=",32468713.6430698,3817.75142056279,0.0815106466294712,0.0564760399633534,0.15781448087036
"delta.deaths",32500000,0.0659807443847204,0.189179759406001,"<=",31785079.200833,3584.14318103312,0.0821479910704343,0.0570773918820587,0.19930168485562
"delta.deaths",32500000,0.0659807443847204,0.227015711287201,"<=",0,0,0,0,0
"delta.deaths",32500000,0.0659807443847204,0.264851663168401,"<=",0,0,0,0,0
"delta.deaths",32500000,0.0659807443847204,0.302687615049601,"<=",0,0,0,0,0
"delta.deaths",32500000,0.0659807443847204,0.340523566930801,"<=",0,0,0,0,0
"delta.deaths",32500000,0.0824759304809006,0,"<=",31799252.9696342,3994.3825590307,0.0842558498856056,0.0581286742527066,0.00443700202139858
"delta.deaths",32500000,0.0824759304809006,0.0378359518812001,"<=",32347167.7198499,3922.56523723764,0.0844593416343664,0.0582313002216352,0.0955255933770547
"delta.deaths",32500000,0.0824759304809006,0.0756719037624002,"<=",32347167.7198499,3922.56523723764,0.0844593416343664,0.0582313002216352,0.0955255933770547
"delta.deaths",32500000,0.0824759304809006,0.1135078556436,"<=",32275918.6189219,3816.01543546248,0.0845675882489954,0.0582723676184218,0.126880499569853
"delta.deaths",32500000,0.0824759304809006,0.1513438075248,"<=",32376810.2059346,3493.60258578662,0.0832437095829343,0.0577642258043475,0.180149586822996
"delta.deaths",32500000,0.0824759304809006,0.189179759406001,"<=",32399508.0556875,3414.99123250398,0.083472909455671,0.0580575251860374,0.197066815773511
"delta.deaths",32500000,0.0824759304809006,0.227015711287201,"<=",0,0,0,0,0
"delta.deaths",32500000,0.0824759304809006,0.264851663168401,"<=",0,0,0,0,0
"delta.deaths",32500000,0.0824759304809006,0.302687615049601,"<=",0,0,0,0,0
"delta.deaths",32500000,0.0824759304809006,0.340523566930801,"<=",0,0,0,0,0
"delta.deaths",32500000,0.0989711165770807,0,"<=",0,0,0,0,0
"delta.deaths",32500000,0.0989711165770807,0.0378359518812001,"<=",0,0,0,0,0
"delta.deaths",32500000,0.0989711165770807,0.0756719037624002,"<=",0,0,0,0,0
"delta.deaths",32500000,0.0989711165770807,0.1135078556436,"<=",0,0,0,0,0
"delta.deaths",32500000,0.0989711165770807,0.1513438075248,"<=",0,0,0,0,0
"delta.deaths",32500000,0.0989711165770807,0.189179759406001,"<=",0,0,0,0,0
"delta.deaths",32500000,0.0989711165770807,0.227015711287201,"<=",0,0,0,0,0
"delta.deaths",32500000,0.0989711165770807,0.264851663168401,"<=",0,0,0,0,0
"delta.deaths",32500000,0.0989711165770807,0.302687615049601,"<=",0,0,0,0,0
"delta.deaths",32500000,0.0989711165770807,0.340523566930801,"<=",0,0,0,0,0
"delta.deaths",32500000,0.115466302673261,0,"<=",0,0,0,0,0
"delta.deaths",32500000,0.115466302673261,0.0378359518812001,"<=",0,0,0,0,0
"delta.deaths",32500000,0.115466302673261,0.0756719037624002,"<=",0,0,0,0,0
"delta.deaths",32500000,0.115466302673261,0.1135078556436,"<=",0,0,0,0,0
"delta.deaths",32500000,0.115466302673261,0.1513438075248,"<=",0,0,0,0,0
"delta.deaths",32500000,0.115466302673261,0.189179759406001,"<=",0,0,0,0,0
"delta.deaths",32500000,0.115466302673261,0.227015711287201,"<=",0,0,0,0,0
"delta.deaths",32500000,0.115466302673261,0.264851663168401,"<=",0,0,0,0,0
"delta.deaths",32500000,0.115466302673261,0.302687615049601,"<=",0,0,0,0,0
"delta.deaths",32500000,0.115466302673261,0.340523566930801,"<=",0,0,0,0,0
"delta.deaths",32500000,0.131961488769441,0,"<=",0,0,0,0,0
"delta.deaths",32500000,0.131961488769441,0.0378359518812001,"<=",0,0,0,0,0
"delta.deaths",32500000,0.131961488769441,0.0756719037624002,"<=",0,0,0,0,0
"delta.deaths",32500000,0.131961488769441,0.1135078556436,"<=",0,0,0,0,0
"delta.deaths",32500000,0.131961488769441,0.1513438075248,"<=",0,0,0,0,0
"delta.deaths",32500000,0.131961488769441,0.189179759406001,"<=",0,0,0,0,0
"delta.deaths",32500000,0.131961488769441,0.227015711287201,"<=",0,0,0,0,0
"delta.deaths",32500000,0.131961488769441,0.264851663168401,"<=",0,0,0,0,0
"delta.deaths",32500000,0.131961488769441,0.302687615049601,"<=",0,0,0,0,0
"delta.deaths",32500000,0.131961488769441,0.340523566930801,"<=",0,0,0,0,0
"delta.deaths",32500000,0.148456674865621,0,"<=",0,0,0,0,0
"delta.deaths",32500000,0.148456674865621,0.0378359518812001,"<=",0,0,0,0,0
"delta.deaths",32500000,0.148456674865621,0.0756719037624002,"<=",0,0,0,0,0
"delta.deaths",32500000,0.148456674865621,0.1135078556436,"<=",0,0,0,0,0
"delta.deaths",32500000,0.148456674865621,0.1513438075248,"<=",0,0,0,0,0
"delta.deaths",32500000,0.148456674865621,0.189179759406001,"<=",0,0,0,0,0
"delta.deaths",32500000,0.148456674865621,0.227015711287201,"<=",0,0,0,0,0
"delta.deaths",32500000,0.148456674865621,0.264851663168401,"<=",0,0,0,0,0
"delta.deaths",32500000,0.148456674865621,0.302687615049601,"<=",0,0,0,0,0
"delta.deaths",32500000,0.148456674865621,0.340523566930801,"<=",0,0,0,0,0
"delta.deaths",55000000,0,0,"<=",49503346.1106518,5545.68932805646,0.0217314431329325,0.011141942553806,0.0795822522745049
"delta.deaths",55000000,0,0.0378359518812001,"<=",49503346.1106518,5545.68932805646,0.0217314431329325,0.011141942553806,0.0795822522745049
"delta.deaths",55000000,0,0.0756719037624002,"<=",49503346.1106518,5545.68932805646,0.0217314431329325,0.011141942553806,0.0795822522745049
"delta.deaths",55000000,0,0.1135078556436,"<=",45999670.6776918,5406.54522555471,0.021594165951969,0.0111418580361573,0.17691125351263
"delta.deaths",55000000,0,0.1513438075248,"<=",45999670.6776918,5406.54522555471,0.021594165951969,0.0111418580361573,0.17691125351263
"delta.deaths",55000000,0,0.189179759406001,"<=",44530141.0567318,5202.19902597015,0.0213254414166816,0.0110510824921121,0.190102218806786
"delta.deaths",55000000,0,0.227015711287201,"<=",54683180.0107619,4977.25189849121,0.0896884470201852,0.0600291880473802,0.249075780916858
"delta.deaths",55000000,0,0.264851663168401,"<=",42932203.0165539,4810.3376133456,0.0212608362965554,0.0110589979727058,0.266744766848245
"delta.deaths",55000000,0,0.302687615049601,"<=",54815550.4828521,4371.3319563272,0.0765494052117554,0.0543745898882988,0.331219188033781
"delta.deaths",55000000,0,0.340523566930801,"<=",0,0,0,0,0
"delta.deaths",55000000,0.0164951860961801,0,"<=",49503346.1106518,5545.68932805646,0.0217314431329325,0.011141942553806,0.0795822522745049
"delta.deaths",55000000,0.0164951860961801,0.0378359518812001,"<=",49503346.1106518,5545.68932805646,0.0217314431329325,0.011141942553806,0.0795822522745049
"delta.deaths",55000000,0.0164951860961801,0.0756719037624002,"<=",49503346.1106518,5545.68932805646,0.0217314431329325,0.011141942553806,0.0795822522745049
"delta.deaths",55000000,0.0164951860961801,0.1135078556436,"<=",45999670.6776918,5406.54522555471,0.021594165951969,0.0111418580361573,0.17691125351263
"delta.deaths",55000000,0.0164951860961801,0.1513438075248,"<=",45999670.6776918,5406.54522555471,0.021594165951969,0.0111418580361573,0.17691125351263
"delta.deaths",55000000,0.0164951860961801,0.189179759406001,"<=",44530141.0567318,5202.19902597015,0.0213254414166816,0.0110510824921121,0.190102218806786
"delta.deaths",55000000,0.0164951860961801,0.227015711287201,"<=",54683180.0107619,4977.25189849121,0.0896884470201852,0.0600291880473802,0.249075780916858
"delta.deaths",55000000,0.0164951860961801,0.264851663168401,"<=",42932203.0165539,4810.3376133456,0.0212608362965554,0.0110589979727058,0.266744766848245
"delta.deaths",55000000,0.0164951860961801,0.302687615049601,"<=",54815550.4828521,4371.3319563272,0.0765494052117554,0.0543745898882988,0.331219188033781
"delta.deaths",55000000,0.0164951860961801,0.340523566930801,"<=",0,0,0,0,0
"delta.deaths",55000000,0.0329903721923602,0,"<=",52857719.4456852,5479.03483265133,0.0749122578025203,0.054098228324185,0.0163567406912144
"delta.deaths",55000000,0.0329903721923602,0.0378359518812001,"<=",52609071.4064308,5360.02548253147,0.0750427638297734,0.0542059505093889,0.115905134455806
"delta.deaths",55000000,0.0329903721923602,0.0756719037624002,"<=",52609071.4064308,5360.02548253147,0.0750427638297734,0.0542059505093889,0.115905134455806
"delta.deaths",55000000,0.0329903721923602,0.1135078556436,"<=",52609071.4064308,5360.02548253147,0.0750427638297734,0.0542059505093889,0.115905134455806
"delta.deaths",55000000,0.0329903721923602,0.1513438075248,"<=",54848545.8448726,5303.72781422162,0.0873216782443715,0.0586608671909333,0.161755795766899
"delta.deaths",55000000,0.0329903721923602,0.189179759406001,"<=",54683180.0107619,4977.25189849121,0.0896884470201852,0.0600291880473802,0.249075780916858
"delta.deaths",55000000,0.0329903721923602,0.227015711287201,"<=",54683180.0107619,4977.25189849121,0.0896884470201852,0.0600291880473802,0.249075780916858
"delta.deaths",55000000,0.0329903721923602,0.264851663168401,"<=",53053472.5694083,4694.31764607246,0.0891765540096027,0.0598556027842167,0.265466251063084
"delta.deaths",55000000,0.0329903721923602,0.302687615049601,"<=",54815550.4828521,4371.3319563272,0.0765494052117554,0.0543745898882988,0.331219188033781
"delta.deaths",55000000,0.0329903721923602,0.340523566930801,"<=",0,0,0,0,0
"delta.deaths",55000000,0.0494855582885403,0,"<=",52857719.4456852,5479.03483265133,0.0749122578025203,0.054098228324185,0.0163567406912144
"delta.deaths",55000000,0.0494855582885403,0.0378359518812001,"<=",52609071.4064308,5360.02548253147,0.0750427638297734,0.0542059505093889,0.115905134455806
"delta.deaths",55000000,0.0494855582885403,0.0756719037624002,"<=",52609071.4064308,5360.02548253147,0.0750427638297734,0.0542059505093889,0.115905134455806
"delta.deaths",55000000,0.0494855582885403,0.1135078556436,"<=",52609071.4064308,5360.02548253147,0.0750427638297734,0.0542059505093889,0.115905134455806
"delta.deaths",55000000,0.0494855582885403,0.1513438075248,"<=",54848545.8448726,5303.72781422162,0.0873216782443715,0.0586608671909333,0.161755795766899
"delta.deaths",55000000,0.0494855582885403,0.189179759406001,"<=",54683180.0107619,4977.25189849121,0.0896884470201852,0.0600291880473802,0.249075780916858
"delta.deaths",55000000,0.0494855582885403,0.227015711287201,"<=",54683180.0107619,4977.25189849121,0.0896884470201852,0.0600291880473802,0.249075780916858
"delta.deaths",55000000,0.0494855582885403,0.264851663168401,"<=",53053472.5694083,4694.31764607246,0.0891765540096027,0.0598556027842167,0.265466251063084
"delta.deaths",55000000,0.0494855582885403,0.302687615049601,"<=",54815550.4828521,4371.3319563272,0.0765494052117554,0.0543745898882988,0.331219188033781
"delta.deaths",55000000,0.0494855582885403,0.340523566930801,"<=",0,0,0,0,0
"delta.deaths",55000000,0.0659807443847204,0,"<=",52857719.4456852,5479.03483265133,0.0749122578025203,0.054098228324185,0.0163567406912144
"delta.deaths",55000000,0.0659807443847204,0.0378359518812001,"<=",52609071.4064308,5360.02548253147,0.0750427638297734,0.0542059505093889,0.115905134455806
"delta.deaths",55000000,0.0659807443847204,0.0756719037624002,"<=",52609071.4064308,5360.02548253147,0.0750427638297734,0.0542059505093889,0.115905134455806
"delta.deaths",55000000,0.0659807443847204,0.1135078556436,"<=",52609071.4064308,5360.02548253147,0.0750427638297734,0.0542059505093889,0.115905134455806
"delta.deaths",55000000,0.0659807443847204,0.1513438075248,"<=",54848545.8448726,5303.72781422162,0.0873216782443715,0.0586608671909333,0.161755795766899
"delta.deaths",55000000,0.0659807443847204,0.189179759406001,"<=",54683180.0107619,4977.25189849121,0.0896884470201852,0.0600291880473802,0.249075780916858
"delta.deaths",55000000,0.0659807443847204,0.227015711287201,"<=",54683180.0107619,4977.25189849121,0.0896884470201852,0.0600291880473802,0.249075780916858
"delta.deaths",55000000,0.0659807443847204,0.264851663168401,"<=",53053472.5694083,4694.31764607246,0.0891765540096027,0.0598556027842167,0.265466251063084
"delta.deaths",55000000,0.0659807443847204,0.302687615049601,"<=",54815550.4828521,4371.3319563272,0.0765494052117554,0.0543745898882988,0.331219188033781
"delta.deaths",55000000,0.0659807443847204,0.340523566930801,"<=",0,0,0,0,0
"delta.deaths",55000000,0.0824759304809006,0,"<=",54848545.8448726,5303.72781422162,0.0873216782443715,0.0586608671909333,0.161755795766899
"delta.deaths",55000000,0.0824759304809006,0.0378359518812001,"<=",54848545.8448726,5303.72781422162,0.0873216782443715,0.0586608671909333,0.161755795766899
"delta.deaths",55000000,0.0824759304809006,0.0756719037624002,"<=",54848545.8448726,5303.72781422162,0.0873216782443715,0.0586608671909333,0.161755795766899
"delta.deaths",55000000,0.0824759304809006,0.1135078556436,"<=",54848545.8448726,5303.72781422162,0.0873216782443715,0.0586608671909333,0.161755795766899
"delta.deaths",55000000,0.0824759304809006,0.1513438075248,"<=",54848545.8448726,5303.72781422162,0.0873216782443715,0.0586608671909333,0.161755795766899
"delta.deaths",55000000,0.0824759304809006,0.189179759406001,"<=",54683180.0107619,4977.25189849121,0.0896884470201852,0.0600291880473802,0.249075780916858
"delta.deaths",55000000,0.0824759304809006,0.227015711287201,"<=",54683180.0107619,4977.25189849121,0.0896884470201852,0.0600291880473802,0.249075780916858
"delta.deaths",55000000,0.0824759304809006,0.264851663168401,"<=",53053472.5694083,4694.31764607246,0.0891765540096027,0.0598556027842167,0.265466251063084
"delta.deaths",55000000,0.0824759304809006,0.302687615049601,"<=",54292390.5012651,4282.71978624302,0.0892357040759172,0.060053434786638,0.30334356195385
"delta.deaths",55000000,0.0824759304809006,0.340523566930801,"<=",0,0,0,0,0
"delta.deaths",55000000,0.0989711165770807,0,"<=",54127152.6739732,4684.1277396336,0.140608747609985,0.101663465227505,0.0210919343531456
"delta.deaths",55000000,0.0989711165770807,0.0378359518812001,"<=",54464762.5640052,4682.90102655431,0.140985697694803,0.101795308142024,0.0436027550999646
"delta.deaths",55000000,0.0989711165770807,0.0756719037624002,"<=",54603818.3232609,4505.76061606538,0.140920485973374,0.10180715859322,0.1435354319016
"delta.deaths",55000000,0.0989711165770807,0.1135078556436,"<=",54603818.3232609,4505.76061606538,0.140920485973374,0.10180715859322,0.1435354319016
"delta.deaths",55000000,0.0989711165770807,0.1513438075248,"<=",54194959.3323009,4400.43752736951,0.140651782503186,0.101716383075487,0.15237951734758
"delta.deaths",55000000,0.0989711165770807,0.189179759406001,"<=",54760596.0566921,4081.26050596849,0.14265691084192,0.103091969856718,0.191922917230363
"delta.deaths",55000000,0.0989711165770807,0.227015711287201,"<=",54816336.4794921,4076.77466416591,0.140177222269974,0.101716193276741,0.241877149445986
"delta.deaths",55000000,0.0989711165770807,0.264851663168401,"<=",0,0,0,0,0
"delta.deaths",55000000,0.0989711165770807,0.302687615049601,"<=",0,0,0,0,0
"delta.deaths",55000000,0.0989711165770807,0.340523566930801,"<=",0,0,0,0,0
"delta.deaths",55000000,0.115466302673261,0,"<=",54127152.6739732,4684.1277396336,0.140608747609985,0.101663465227505,0.0210919343531456
"delta.deaths",55000000,0.115466302673261,0.0378359518812001,"<=",54464762.5640052,4682.90102655431,0.140985697694803,0.101795308142024,0.0436027550999646
"delta.deaths",55000000,0.115466302673261,0.0756719037624002,"<=",54603818.3232609,4505.76061606538,0.140920485973374,0.10180715859322,0.1435354319016
"delta.deaths",55000000,0.115466302673261,0.1135078556436,"<=",54603818.3232609,4505.76061606538,0.140920485973374,0.10180715859322,0.1435354319016
"delta.deaths",55000000,0.115466302673261,0.1513438075248,"<=",54194959.3323009,4400.43752736951,0.140651782503186,0.101716383075487,0.15237951734758
"delta.deaths",55000000,0.115466302673261,0.189179759406001,"<=",54760596.0566921,4081.26050596849,0.14265691084192,0.103091969856718,0.191922917230363
"delta.deaths",55000000,0.115466302673261,0.227015711287201,"<=",54816336.4794921,4076.77466416591,0.140177222269974,0.101716193276741,0.241877149445986
"delta.deaths",55000000,0.115466302673261,0.264851663168401,"<=",0,0,0,0,0
"delta.deaths",55000000,0.115466302673261,0.302687615049601,"<=",0,0,0,0,0
"delta.deaths",55000000,0.115466302673261,0.340523566930801,"<=",0,0,0,0,0
"delta.deaths",55000000,0.131961488769441,0,"<=",54127152.6739732,4684.1277396336,0.140608747609985,0.101663465227505,0.0210919343531456
"delta.deaths",55000000,0.131961488769441,0.0378359518812001,"<=",54464762.5640052,4682.90102655431,0.140985697694803,0.101795308142024,0.0436027550999646
"delta.deaths",55000000,0.131961488769441,0.0756719037624002,"<=",54603818.3232609,4505.76061606538,0.140920485973374,0.10180715859322,0.1435354319016
"delta.deaths",55000000,0.131961488769441,0.1135078556436,"<=",54603818.3232609,4505.76061606538,0.140920485973374,0.10180715859322,0.1435354319016
"delta.deaths",55000000,0.131961488769441,0.1513438075248,"<=",54194959.3323009,4400.43752736951,0.140651782503186,0.101716383075487,0.15237951734758
"delta.deaths",55000000,0.131961488769441,0.189179759406001,"<=",54760596.0566921,4081.26050596849,0.14265691084192,0.103091969856718,0.191922917230363
"delta.deaths",55000000,0.131961488769441,0.227015711287201,"<=",54816336.4794921,4076.77466416591,0.140177222269974,0.101716193276741,0.241877149445986
"delta.deaths",55000000,0.131961488769441,0.264851663168401,"<=",0,0,0,0,0
"delta.deaths",55000000,0.131961488769441,0.302687615049601,"<=",0,0,0,0,0
"delta.deaths",55000000,0.131961488769441,0.340523566930801,"<=",0,0,0,0,0
"delta.deaths",55000000,0.148456674865621,0,"<=",0,0,0,0,0
"delta.deaths",55000000,0.148456674865621,0.0378359518812001,"<=",0,0,0,0,0
"delta.deaths",55000000,0.148456674865621,0.0756719037624002,"<=",0,0,0,0,0
"delta.deaths",55000000,0.148456674865621,0.1135078556436,"<=",0,0,0,0,0
"delta.deaths",55000000,0.148456674865621,0.1513438075248,"<=",0,0,0,0,0
"delta.deaths",55000000,0.148456674865621,0.189179759406001,"<=",0,0,0,0,0
"delta.deaths",55000000,0.148456674865621,0.227015711287201,"<=",0,0,0,0,0
"delta.deaths",55000000,0.148456674865621,0.264851663168401,"<=",0,0,0,0,0
"delta.deaths",55000000,0.148456674865621,0.302687615049601,"<=",0,0,0,0,0
"delta.deaths",55000000,0.148456674865621,0.340523566930801,"<=",0,0,0,0,0
"delta.deaths",77500000,0,0,"<=",70957787.4102708,5902.18786188781,0.0800044494090694,0.0558596186970043,0.095668083252625
"delta.deaths",77500000,0,0.0378359518812001,"<=",70957787.4102708,5902.18786188781,0.0800044494090694,0.0558596186970043,0.095668083252625
"delta.deaths",77500000,0,0.0756719037624002,"<=",70957787.4102708,5902.18786188781,0.0800044494090694,0.0558596186970043,0.095668083252625
"delta.deaths",77500000,0,0.1135078556436,"<=",67454111.9773108,5763.04375938607,0.0798671722281059,0.0558595341793556,0.19299708449075
"delta.deaths",77500000,0,0.1513438075248,"<=",67454111.9773108,5763.04375938607,0.0798671722281059,0.0558595341793556,0.19299708449075
"delta.deaths",77500000,0,0.189179759406001,"<=",67454111.9773108,5763.04375938607,0.0798671722281059,0.0558595341793556,0.19299708449075
"delta.deaths",77500000,0,0.227015711287201,"<=",76137621.3103809,5333.75043232257,0.147961453296322,0.104746864190579,0.265161611894978
"delta.deaths",77500000,0,0.264851663168401,"<=",76137621.3103809,5333.75043232257,0.147961453296322,0.104746864190579,0.265161611894978
"delta.deaths",77500000,0,0.302687615049601,"<=",76967680.2512777,4816.82948379726,0.147751899892448,0.104853920675267,0.311883008231724
"delta.deaths",77500000,0,0.340523566930801,"<=",60492146.2424041,4425.4342466852,0.078787781425314,0.0556851483536947,0.340523566930801
"delta.deaths",77500000,0.0164951860961801,0,"<=",70957787.4102708,5902.18786188781,0.0800044494090694,0.0558596186970043,0.095668083252625
"delta.deaths",77500000,0.0164951860961801,0.0378359518812001,"<=",70957787.4102708,5902.18786188781,0.0800044494090694,0.0558596186970043,0.095668083252625
"delta.deaths",77500000,0.0164951860961801,0.0756719037624002,"<=",70957787.4102708,5902.18786188781,0.0800044494090694,0.0558596186970043,0.095668083252625
"delta.deaths",77500000,0.0164951860961801,0.1135078556436,"<=",67454111.9773108,5763.04375938607,0.0798671722281059,0.0558595341793556,0.19299708449075
"delta.deaths",77500000,0.0164951860961801,0.1513438075248,"<=",67454111.9773108,5763.04375938607,0.0798671722281059,0.0558595341793556,0.19299708449075
"delta.deaths",77500000,0.0164951860961801,0.189179759406001,"<=",67454111.9773108,5763.04375938607,0.0798671722281059,0.0558595341793556,0.19299708449075
"delta.deaths",77500000,0.0164951860961801,0.227015711287201,"<=",76137621.3103809,5333.75043232257,0.147961453296322,0.104746864190579,0.265161611894978
"delta.deaths",77500000,0.0164951860961801,0.264851663168401,"<=",76137621.3103809,5333.75043232257,0.147961453296322,0.104746864190579,0.265161611894978
"delta.deaths",77500000,0.0164951860961801,0.302687615049601,"<=",76967680.2512777,4816.82948379726,0.147751899892448,0.104853920675267,0.311883008231724
"delta.deaths",77500000,0.0164951860961801,0.340523566930801,"<=",60492146.2424041,4425.4342466852,0.078787781425314,0.0556851483536947,0.340523566930801
"delta.deaths",77500000,0.0329903721923602,0,"<=",70957787.4102708,5902.18786188781,0.0800044494090694,0.0558596186970043,0.095668083252625
"delta.deaths",77500000,0.0329903721923602,0.0378359518812001,"<=",70957787.4102708,5902.18786188781,0.0800044494090694,0.0558596186970043,0.095668083252625
"delta.deaths",77500000,0.0329903721923602,0.0756719037624002,"<=",70957787.4102708,5902.18786188781,0.0800044494090694,0.0558596186970043,0.095668083252625
"delta.deaths",77500000,0.0329903721923602,0.1135078556436,"<=",67454111.9773108,5763.04375938607,0.0798671722281059,0.0558595341793556,0.19299708449075
"delta.deaths",77500000,0.0329903721923602,0.1513438075248,"<=",67454111.9773108,5763.04375938607,0.0798671722281059,0.0558595341793556,0.19299708449075
"delta.deaths",77500000,0.0329903721923602,0.189179759406001,"<=",67454111.9773108,5763.04375938607,0.0798671722281059,0.0558595341793556,0.19299708449075
"delta.deaths",77500000,0.0329903721923602,0.227015711287201,"<=",76137621.3103809,5333.75043232257,0.147961453296322,0.104746864190579,0.265161611894978
"delta.deaths",77500000,0.0329903721923602,0.264851663168401,"<=",76137621.3103809,5333.75043232257,0.147961453296322,0.104746864190579,0.265161611894978
"delta.deaths",77500000,0.0329903721923602,0.302687615049601,"<=",76967680.2512777,4816.82948379726,0.147751899892448,0.104853920675267,0.311883008231724
"delta.deaths",77500000,0.0329903721923602,0.340523566930801,"<=",60492146.2424041,4425.4342466852,0.078787781425314,0.0556851483536947,0.340523566930801
"delta.deaths",77500000,0.0494855582885403,0,"<=",70957787.4102708,5902.18786188781,0.0800044494090694,0.0558596186970043,0.095668083252625
"delta.deaths",77500000,0.0494855582885403,0.0378359518812001,"<=",70957787.4102708,5902.18786188781,0.0800044494090694,0.0558596186970043,0.095668083252625
"delta.deaths",77500000,0.0494855582885403,0.0756719037624002,"<=",70957787.4102708,5902.18786188781,0.0800044494090694,0.0558596186970043,0.095668083252625
"delta.deaths",77500000,0.0494855582885403,0.1135078556436,"<=",67454111.9773108,5763.04375938607,0.0798671722281059,0.0558595341793556,0.19299708449075
"delta.deaths",77500000,0.0494855582885403,0.1513438075248,"<=",67454111.9773108,5763.04375938607,0.0798671722281059,0.0558595341793556,0.19299708449075
"delta.deaths",77500000,0.0494855582885403,0.189179759406001,"<=",67454111.9773108,5763.04375938607,0.0798671722281059,0.0558595341793556,0.19299708449075
"delta.deaths",77500000,0.0494855582885403,0.227015711287201,"<=",76137621.3103809,5333.75043232257,0.147961453296322,0.104746864190579,0.265161611894978
"delta.deaths",77500000,0.0494855582885403,0.264851663168401,"<=",76137621.3103809,5333.75043232257,0.147961453296322,0.104746864190579,0.265161611894978
"delta.deaths",77500000,0.0494855582885403,0.302687615049601,"<=",76967680.2512777,4816.82948379726,0.147751899892448,0.104853920675267,0.311883008231724
"delta.deaths",77500000,0.0494855582885403,0.340523566930801,"<=",60492146.2424041,4425.4342466852,0.078787781425314,0.0556851483536947,0.340523566930801
"delta.deaths",77500000,0.0659807443847204,0,"<=",70957787.4102708,5902.18786188781,0.0800044494090694,0.0558596186970043,0.095668083252625
"delta.deaths",77500000,0.0659807443847204,0.0378359518812001,"<=",70957787.4102708,5902.18786188781,0.0800044494090694,0.0558596186970043,0.095668083252625
"delta.deaths",77500000,0.0659807443847204,0.0756719037624002,"<=",70957787.4102708,5902.18786188781,0.0800044494090694,0.0558596186970043,0.095668083252625
"delta.deaths",77500000,0.0659807443847204,0.1135078556436,"<=",67454111.9773108,5763.04375938607,0.0798671722281059,0.0558595341793556,0.19299708449075
"delta.deaths",77500000,0.0659807443847204,0.1513438075248,"<=",67454111.9773108,5763.04375938607,0.0798671722281059,0.0558595341793556,0.19299708449075
"delta.deaths",77500000,0.0659807443847204,0.189179759406001,"<=",67454111.9773108,5763.04375938607,0.0798671722281059,0.0558595341793556,0.19299708449075
"delta.deaths",77500000,0.0659807443847204,0.227015711287201,"<=",76137621.3103809,5333.75043232257,0.147961453296322,0.104746864190579,0.265161611894978
"delta.deaths",77500000,0.0659807443847204,0.264851663168401,"<=",76137621.3103809,5333.75043232257,0.147961453296322,0.104746864190579,0.265161611894978
"delta.deaths",77500000,0.0659807443847204,0.302687615049601,"<=",76967680.2512777,4816.82948379726,0.147751899892448,0.104853920675267,0.311883008231724
"delta.deaths",77500000,0.0659807443847204,0.340523566930801,"<=",60492146.2424041,4425.4342466852,0.078787781425314,0.0556851483536947,0.340523566930801
"delta.deaths",77500000,0.0824759304809006,0,"<=",76463164.9648852,5738.81440088717,0.145837852995803,0.10346135305325,0.174642121892949
"delta.deaths",77500000,0.0824759304809006,0.0378359518812001,"<=",76463164.9648852,5738.81440088717,0.145837852995803,0.10346135305325,0.174642121892949
"delta.deaths",77500000,0.0824759304809006,0.0756719037624002,"<=",76463164.9648852,5738.81440088717,0.145837852995803,0.10346135305325,0.174642121892949
"delta.deaths",77500000,0.0824759304809006,0.1135078556436,"<=",76463164.9648852,5738.81440088717,0.145837852995803,0.10346135305325,0.174642121892949
"delta.deaths",77500000,0.0824759304809006,0.1513438075248,"<=",76463164.9648852,5738.81440088717,0.145837852995803,0.10346135305325,0.174642121892949
"delta.deaths",77500000,0.0824759304809006,0.189179759406001,"<=",77415203.7097716,5568.43573927873,0.147539721465858,0.104573329271748,0.194918073557658
"delta.deaths",77500000,0.0824759304809006,0.227015711287201,"<=",76137621.3103809,5333.75043232257,0.147961453296322,0.104746864190579,0.265161611894978
"delta.deaths",77500000,0.0824759304809006,0.264851663168401,"<=",76137621.3103809,5333.75043232257,0.147961453296322,0.104746864190579,0.265161611894978
"delta.deaths",77500000,0.0824759304809006,0.302687615049601,"<=",76967680.2512777,4816.82948379726,0.147751899892448,0.104853920675267,0.311883008231724
"delta.deaths",77500000,0.0824759304809006,0.340523566930801,"<=",0,0,0,0,0
"delta.deaths",77500000,0.0989711165770807,0,"<=",76463164.9648852,5738.81440088717,0.145837852995803,0.10346135305325,0.174642121892949
"delta.deaths",77500000,0.0989711165770807,0.0378359518812001,"<=",76463164.9648852,5738.81440088717,0.145837852995803,0.10346135305325,0.174642121892949
"delta.deaths",77500000,0.0989711165770807,0.0756719037624002,"<=",76463164.9648852,5738.81440088717,0.145837852995803,0.10346135305325,0.174642121892949
"delta.deaths",77500000,0.0989711165770807,0.1135078556436,"<=",76463164.9648852,5738.81440088717,0.145837852995803,0.10346135305325,0.174642121892949
"delta.deaths",77500000,0.0989711165770807,0.1513438075248,"<=",76463164.9648852,5738.81440088717,0.145837852995803,0.10346135305325,0.174642121892949
"delta.deaths",77500000,0.0989711165770807,0.189179759406001,"<=",77415203.7097716,5568.43573927873,0.147539721465858,0.104573329271748,0.194918073557658
"delta.deaths",77500000,0.0989711165770807,0.227015711287201,"<=",76137621.3103809,5333.75043232257,0.147961453296322,0.104746864190579,0.265161611894978
"delta.deaths",77500000,0.0989711165770807,0.264851663168401,"<=",76137621.3103809,5333.75043232257,0.147961453296322,0.104746864190579,0.265161611894978
"delta.deaths",77500000,0.0989711165770807,0.302687615049601,"<=",76967680.2512777,4816.82948379726,0.147751899892448,0.104853920675267,0.311883008231724
"delta.deaths",77500000,0.0989711165770807,0.340523566930801,"<=",0,0,0,0,0
"delta.deaths",77500000,0.115466302673261,0,"<=",76463164.9648852,5738.81440088717,0.145837852995803,0.10346135305325,0.174642121892949
"delta.deaths",77500000,0.115466302673261,0.0378359518812001,"<=",76463164.9648852,5738.81440088717,0.145837852995803,0.10346135305325,0.174642121892949
"delta.deaths",77500000,0.115466302673261,0.0756719037624002,"<=",76463164.9648852,5738.81440088717,0.145837852995803,0.10346135305325,0.174642121892949
"delta.deaths",77500000,0.115466302673261,0.1135078556436,"<=",76463164.9648852,5738.81440088717,0.145837852995803,0.10346135305325,0.174642121892949
"delta.deaths",77500000,0.115466302673261,0.1513438075248,"<=",76463164.9648852,5738.81440088717,0.145837852995803,0.10346135305325,0.174642121892949
"delta.deaths",77500000,0.115466302673261,0.189179759406001,"<=",77415203.7097716,5568.43573927873,0.147539721465858,0.104573329271748,0.194918073557658
"delta.deaths",77500000,0.115466302673261,0.227015711287201,"<=",76137621.3103809,5333.75043232257,0.147961453296322,0.104746864190579,0.265161611894978
"delta.deaths",77500000,0.115466302673261,0.264851663168401,"<=",76137621.3103809,5333.75043232257,0.147961453296322,0.104746864190579,0.265161611894978
"delta.deaths",77500000,0.115466302673261,0.302687615049601,"<=",76967680.2512777,4816.82948379726,0.147751899892448,0.104853920675267,0.311883008231724
"delta.deaths",77500000,0.115466302673261,0.340523566930801,"<=",0,0,0,0,0
"delta.deaths",77500000,0.131961488769441,0,"<=",76463164.9648852,5738.81440088717,0.145837852995803,0.10346135305325,0.174642121892949
"delta.deaths",77500000,0.131961488769441,0.0378359518812001,"<=",76463164.9648852,5738.81440088717,0.145837852995803,0.10346135305325,0.174642121892949
"delta.deaths",77500000,0.131961488769441,0.0756719037624002,"<=",76463164.9648852,5738.81440088717,0.145837852995803,0.10346135305325,0.174642121892949
"delta.deaths",77500000,0.131961488769441,0.1135078556436,"<=",76463164.9648852,5738.81440088717,0.145837852995803,0.10346135305325,0.174642121892949
"delta.deaths",77500000,0.131961488769441,0.1513438075248,"<=",76463164.9648852,5738.81440088717,0.145837852995803,0.10346135305325,0.174642121892949
"delta.deaths",77500000,0.131961488769441,0.189179759406001,"<=",77415203.7097716,5568.43573927873,0.147539721465858,0.104573329271748,0.194918073557658
"delta.deaths",77500000,0.131961488769441,0.227015711287201,"<=",76137621.3103809,5333.75043232257,0.147961453296322,0.104746864190579,0.265161611894978
"delta.deaths",77500000,0.131961488769441,0.264851663168401,"<=",76137621.3103809,5333.75043232257,0.147961453296322,0.104746864190579,0.265161611894978
"delta.deaths",77500000,0.131961488769441,0.302687615049601,"<=",76967680.2512777,4816.82948379726,0.147751899892448,0.104853920675267,0.311883008231724
"delta.deaths",77500000,0.131961488769441,0.340523566930801,"<=",0,0,0,0,0
"delta.deaths",77500000,0.148456674865621,0,"<=",0,0,0,0,0
"delta.deaths",77500000,0.148456674865621,0.0378359518812001,"<=",0,0,0,0,0
"delta.deaths",77500000,0.148456674865621,0.0756719037624002,"<=",0,0,0,0,0
"delta.deaths",77500000,0.148456674865621,0.1135078556436,"<=",0,0,0,0,0
"delta.deaths",77500000,0.148456674865621,0.1513438075248,"<=",0,0,0,0,0
"delta.deaths",77500000,0.148456674865621,0.189179759406001,"<=",0,0,0,0,0
"delta.deaths",77500000,0.148456674865621,0.227015711287201,"<=",0,0,0,0,0
"delta.deaths",77500000,0.148456674865621,0.264851663168401,"<=",0,0,0,0,0
"delta.deaths",77500000,0.148456674865621,0.302687615049601,"<=",0,0,0,0,0
"delta.deaths",77500000,0.148456674865621,0.340523566930801,"<=",0,0,0,0,0
"delta.deaths",100000000,0,0,"<=",85803613.9777908,6010.64884658112,0.148456674865621,0.104854805755413,0.0834179946997741
"delta.deaths",100000000,0,0.0378359518812001,"<=",85803613.9777908,6010.64884658112,0.148456674865621,0.104854805755413,0.0834179946997741
"delta.deaths",100000000,0,0.0756719037624002,"<=",85803613.9777908,6010.64884658112,0.148456674865621,0.104854805755413,0.0834179946997741
"delta.deaths",100000000,0,0.1135078556436,"<=",82299938.5448308,5871.50474407937,0.148319397684657,0.104854721237764,0.180746995937899
"delta.deaths",100000000,0,0.1513438075248,"<=",82299938.5448308,5871.50474407937,0.148319397684657,0.104854721237764,0.180746995937899
"delta.deaths",100000000,0,0.189179759406001,"<=",81891079.5538708,5766.1816553835,0.148050694214468,0.104763945720031,0.189591081383878
"delta.deaths",100000000,0,0.227015711287201,"<=",79392648.7040865,5353.88518470446,0.148229236504539,0.104854670893431,0.267381004421445
"delta.deaths",100000000,0,0.264851663168401,"<=",79392648.7040865,5353.88518470446,0.148229236504539,0.104854670893431,0.267381004421445
"delta.deaths",100000000,0,0.302687615049601,"<=",76967680.2512777,4816.82948379726,0.147751899892448,0.104853920675267,0.311883008231724
"delta.deaths",100000000,0,0.340523566930801,"<=",60492146.2424041,4425.4342466852,0.078787781425314,0.0556851483536947,0.340523566930801
"delta.deaths",100000000,0.0164951860961801,0,"<=",85803613.9777908,6010.64884658112,0.148456674865621,0.104854805755413,0.0834179946997741
"delta.deaths",100000000,0.0164951860961801,0.0378359518812001,"<=",85803613.9777908,6010.64884658112,0.148456674865621,0.104854805755413,0.0834179946997741
"delta.deaths",100000000,0.0164951860961801,0.0756719037624002,"<=",85803613.9777908,6010.64884658112,0.148456674865621,0.104854805755413,0.0834179946997741
"delta.deaths",100000000,0.0164951860961801,0.1135078556436,"<=",82299938.5448308,5871.50474407937,0.148319397684657,0.104854721237764,0.180746995937899
"delta.deaths",100000000,0.0164951860961801,0.1513438075248,"<=",82299938.5448308,5871.50474407937,0.148319397684657,0.104854721237764,0.180746995937899
"delta.deaths",100000000,0.0164951860961801,0.189179759406001,"<=",81891079.5538708,5766.1816553835,0.148050694214468,0.104763945720031,0.189591081383878
"delta.deaths",100000000,0.0164951860961801,0.227015711287201,"<=",79392648.7040865,5353.88518470446,0.148229236504539,0.104854670893431,0.267381004421445
"delta.deaths",100000000,0.0164951860961801,0.264851663168401,"<=",79392648.7040865,5353.88518470446,0.148229236504539,0.104854670893431,0.267381004421445
"delta.deaths",100000000,0.0164951860961801,0.302687615049601,"<=",76967680.2512777,4816.82948379726,0.147751899892448,0.104853920675267,0.311883008231724
"delta.deaths",100000000,0.0164951860961801,0.340523566930801,"<=",60492146.2424041,4425.4342466852,0.078787781425314,0.0556851483536947,0.340523566930801
"delta.deaths",100000000,0.0329903721923602,0,"<=",85803613.9777908,6010.64884658112,0.148456674865621,0.104854805755413,0.0834179946997741
"delta.deaths",100000000,0.0329903721923602,0.0378359518812001,"<=",85803613.9777908,6010.64884658112,0.148456674865621,0.104854805755413,0.0834179946997741
"delta.deaths",100000000,0.0329903721923602,0.0756719037624002,"<=",85803613.9777908,6010.64884658112,0.148456674865621,0.104854805755413,0.0834179946997741
"delta.deaths",100000000,0.0329903721923602,0.1135078556436,"<=",82299938.5448308,5871.50474407937,0.148319397684657,0.104854721237764,0.180746995937899
"delta.deaths",100000000,0.0329903721923602,0.1513438075248,"<=",82299938.5448308,5871.50474407937,0.148319397684657,0.104854721237764,0.180746995937899
"delta.deaths",100000000,0.0329903721923602,0.189179759406001,"<=",81891079.5538708,5766.1816553835,0.148050694214468,0.104763945720031,0.189591081383878
"delta.deaths",100000000,0.0329903721923602,0.227015711287201,"<=",79392648.7040865,5353.88518470446,0.148229236504539,0.104854670893431,0.267381004421445
"delta.deaths",100000000,0.0329903721923602,0.264851663168401,"<=",79392648.7040865,5353.88518470446,0.148229236504539,0.104854670893431,0.267381004421445
"delta.deaths",100000000,0.0329903721923602,0.302687615049601,"<=",76967680.2512777,4816.82948379726,0.147751899892448,0.104853920675267,0.311883008231724
"delta.deaths",100000000,0.0329903721923602,0.340523566930801,"<=",60492146.2424041,4425.4342466852,0.078787781425314,0.0556851483536947,0.340523566930801
"delta.deaths",100000000,0.0494855582885403,0,"<=",85803613.9777908,6010.64884658112,0.148456674865621,0.104854805755413,0.0834179946997741
"delta.deaths",100000000,0.0494855582885403,0.0378359518812001,"<=",85803613.9777908,6010.64884658112,0.148456674865621,0.104854805755413,0.0834179946997741
"delta.deaths",100000000,0.0494855582885403,0.0756719037624002,"<=",85803613.9777908,6010.64884658112,0.148456674865621,0.104854805755413,0.0834179946997741
"delta.deaths",100000000,0.0494855582885403,0.1135078556436,"<=",82299938.5448308,5871.50474407937,0.148319397684657,0.104854721237764,0.180746995937899
"delta.deaths",100000000,0.0494855582885403,0.1513438075248,"<=",82299938.5448308,5871.50474407937,0.148319397684657,0.104854721237764,0.180746995937899
"delta.deaths",100000000,0.0494855582885403,0.189179759406001,"<=",81891079.5538708,5766.1816553835,0.148050694214468,0.104763945720031,0.189591081383878
"delta.deaths",100000000,0.0494855582885403,0.227015711287201,"<=",79392648.7040865,5353.88518470446,0.148229236504539,0.104854670893431,0.267381004421445
"delta.deaths",100000000,0.0494855582885403,0.264851663168401,"<=",79392648.7040865,5353.88518470446,0.148229236504539,0.104854670893431,0.267381004421445
"delta.deaths",100000000,0.0494855582885403,0.302687615049601,"<=",76967680.2512777,4816.82948379726,0.147751899892448,0.104853920675267,0.311883008231724
"delta.deaths",100000000,0.0494855582885403,0.340523566930801,"<=",60492146.2424041,4425.4342466852,0.078787781425314,0.0556851483536947,0.340523566930801
"delta.deaths",100000000,0.0659807443847204,0,"<=",85803613.9777908,6010.64884658112,0.148456674865621,0.104854805755413,0.0834179946997741
"delta.deaths",100000000,0.0659807443847204,0.0378359518812001,"<=",85803613.9777908,6010.64884658112,0.148456674865621,0.104854805755413,0.0834179946997741
"delta.deaths",100000000,0.0659807443847204,0.0756719037624002,"<=",85803613.9777908,6010.64884658112,0.148456674865621,0.104854805755413,0.0834179946997741
"delta.deaths",100000000,0.0659807443847204,0.1135078556436,"<=",82299938.5448308,5871.50474407937,0.148319397684657,0.104854721237764,0.180746995937899
"delta.deaths",100000000,0.0659807443847204,0.1513438075248,"<=",82299938.5448308,5871.50474407937,0.148319397684657,0.104854721237764,0.180746995937899
"delta.deaths",100000000,0.0659807443847204,0.189179759406001,"<=",81891079.5538708,5766.1816553835,0.148050694214468,0.104763945720031,0.189591081383878
"delta.deaths",100000000,0.0659807443847204,0.227015711287201,"<=",79392648.7040865,5353.88518470446,0.148229236504539,0.104854670893431,0.267381004421445
"delta.deaths",100000000,0.0659807443847204,0.264851663168401,"<=",79392648.7040865,5353.88518470446,0.148229236504539,0.104854670893431,0.267381004421445
"delta.deaths",100000000,0.0659807443847204,0.302687615049601,"<=",76967680.2512777,4816.82948379726,0.147751899892448,0.104853920675267,0.311883008231724
"delta.deaths",100000000,0.0659807443847204,0.340523566930801,"<=",60492146.2424041,4425.4342466852,0.078787781425314,0.0556851483536947,0.340523566930801
"delta.deaths",100000000,0.0824759304809006,0,"<=",85803613.9777908,6010.64884658112,0.148456674865621,0.104854805755413,0.0834179946997741
"delta.deaths",100000000,0.0824759304809006,0.0378359518812001,"<=",85803613.9777908,6010.64884658112,0.148456674865621,0.104854805755413,0.0834179946997741
"delta.deaths",100000000,0.0824759304809006,0.0756719037624002,"<=",85803613.9777908,6010.64884658112,0.148456674865621,0.104854805755413,0.0834179946997741
"delta.deaths",100000000,0.0824759304809006,0.1135078556436,"<=",82299938.5448308,5871.50474407937,0.148319397684657,0.104854721237764,0.180746995937899
"delta.deaths",100000000,0.0824759304809006,0.1513438075248,"<=",82299938.5448308,5871.50474407937,0.148319397684657,0.104854721237764,0.180746995937899
"delta.deaths",100000000,0.0824759304809006,0.189179759406001,"<=",81891079.5538708,5766.1816553835,0.148050694214468,0.104763945720031,0.189591081383878
"delta.deaths",100000000,0.0824759304809006,0.227015711287201,"<=",79392648.7040865,5353.88518470446,0.148229236504539,0.104854670893431,0.267381004421445
"delta.deaths",100000000,0.0824759304809006,0.264851663168401,"<=",79392648.7040865,5353.88518470446,0.148229236504539,0.104854670893431,0.267381004421445
"delta.deaths",100000000,0.0824759304809006,0.302687615049601,"<=",76967680.2512777,4816.82948379726,0.147751899892448,0.104853920675267,0.311883008231724
"delta.deaths",100000000,0.0824759304809006,0.340523566930801,"<=",0,0,0,0,0
"delta.deaths",100000000,0.0989711165770807,0,"<=",85803613.9777908,6010.64884658112,0.148456674865621,0.104854805755413,0.0834179946997741
"delta.deaths",100000000,0.0989711165770807,0.0378359518812001,"<=",85803613.9777908,6010.64884658112,0.148456674865621,0.104854805755413,0.0834179946997741
"delta.deaths",100000000,0.0989711165770807,0.0756719037624002,"<=",85803613.9777908,6010.64884658112,0.148456674865621,0.104854805755413,0.0834179946997741
"delta.deaths",100000000,0.0989711165770807,0.1135078556436,"<=",82299938.5448308,5871.50474407937,0.148319397684657,0.104854721237764,0.180746995937899
"delta.deaths",100000000,0.0989711165770807,0.1513438075248,"<=",82299938.5448308,5871.50474407937,0.148319397684657,0.104854721237764,0.180746995937899
"delta.deaths",100000000,0.0989711165770807,0.189179759406001,"<=",81891079.5538708,5766.1816553835,0.148050694214468,0.104763945720031,0.189591081383878
"delta.deaths",100000000,0.0989711165770807,0.227015711287201,"<=",79392648.7040865,5353.88518470446,0.148229236504539,0.104854670893431,0.267381004421445
"delta.deaths",100000000,0.0989711165770807,0.264851663168401,"<=",79392648.7040865,5353.88518470446,0.148229236504539,0.104854670893431,0.267381004421445
"delta.deaths",100000000,0.0989711165770807,0.302687615049601,"<=",76967680.2512777,4816.82948379726,0.147751899892448,0.104853920675267,0.311883008231724
"delta.deaths",100000000,0.0989711165770807,0.340523566930801,"<=",0,0,0,0,0
"delta.deaths",100000000,0.115466302673261,0,"<=",85803613.9777908,6010.64884658112,0.148456674865621,0.104854805755413,0.0834179946997741
"delta.deaths",100000000,0.115466302673261,0.0378359518812001,"<=",85803613.9777908,6010.64884658112,0.148456674865621,0.104854805755413,0.0834179946997741
"delta.deaths",100000000,0.115466302673261,0.0756719037624002,"<=",85803613.9777908,6010.64884658112,0.148456674865621,0.104854805755413,0.0834179946997741
"delta.deaths",100000000,0.115466302673261,0.1135078556436,"<=",82299938.5448308,5871.50474407937,0.148319397684657,0.104854721237764,0.180746995937899
"delta.deaths",100000000,0.115466302673261,0.1513438075248,"<=",82299938.5448308,5871.50474407937,0.148319397684657,0.104854721237764,0.180746995937899
"delta.deaths",100000000,0.115466302673261,0.189179759406001,"<=",81891079.5538708,5766.1816553835,0.148050694214468,0.104763945720031,0.189591081383878
"delta.deaths",100000000,0.115466302673261,0.227015711287201,"<=",79392648.7040865,5353.88518470446,0.148229236504539,0.104854670893431,0.267381004421445
"delta.deaths",100000000,0.115466302673261,0.264851663168401,"<=",79392648.7040865,5353.88518470446,0.148229236504539,0.104854670893431,0.267381004421445
"delta.deaths",100000000,0.115466302673261,0.302687615049601,"<=",76967680.2512777,4816.82948379726,0.147751899892448,0.104853920675267,0.311883008231724
"delta.deaths",100000000,0.115466302673261,0.340523566930801,"<=",0,0,0,0,0
"delta.deaths",100000000,0.131961488769441,0,"<=",85803613.9777908,6010.64884658112,0.148456674865621,0.104854805755413,0.0834179946997741
"delta.deaths",100000000,0.131961488769441,0.0378359518812001,"<=",85803613.9777908,6010.64884658112,0.148456674865621,0.104854805755413,0.0834179946997741
"delta.deaths",100000000,0.131961488769441,0.0756719037624002,"<=",85803613.9777908,6010.64884658112,0.148456674865621,0.104854805755413,0.0834179946997741
"delta.deaths",100000000,0.131961488769441,0.1135078556436,"<=",82299938.5448308,5871.50474407937,0.148319397684657,0.104854721237764,0.180746995937899
"delta.deaths",100000000,0.131961488769441,0.1513438075248,"<=",82299938.5448308,5871.50474407937,0.148319397684657,0.104854721237764,0.180746995937899
"delta.deaths",100000000,0.131961488769441,0.189179759406001,"<=",81891079.5538708,5766.1816553835,0.148050694214468,0.104763945720031,0.189591081383878
"delta.deaths",100000000,0.131961488769441,0.227015711287201,"<=",79392648.7040865,5353.88518470446,0.148229236504539,0.104854670893431,0.267381004421445
"delta.deaths",100000000,0.131961488769441,0.264851663168401,"<=",79392648.7040865,5353.88518470446,0.148229236504539,0.104854670893431,0.267381004421445
"delta.deaths",100000000,0.131961488769441,0.302687615049601,"<=",76967680.2512777,4816.82948379726,0.147751899892448,0.104853920675267,0.311883008231724
"delta.deaths",100000000,0.131961488769441,0.340523566930801,"<=",0,0,0,0,0
"delta.deaths",100000000,0.148456674865621,0,"<=",85803613.9777908,6010.64884658112,0.148456674865621,0.104854805755413,0.0834179946997741
"delta.deaths",100000000,0.148456674865621,0.0378359518812001,"<=",85803613.9777908,6010.64884658112,0.148456674865621,0.104854805755413,0.0834179946997741
"delta.deaths",100000000,0.148456674865621,0.0756719037624002,"<=",85803613.9777908,6010.64884658112,0.148456674865621,0.104854805755413,0.0834179946997741
"delta.deaths",100000000,0.148456674865621,0.1135078556436,"<=",0,0,0,0,0
"delta.deaths",100000000,0.148456674865621,0.1513438075248,"<=",0,0,0,0,0
"delta.deaths",100000000,0.148456674865621,0.189179759406001,"<=",0,0,0,0,0
"delta.deaths",100000000,0.148456674865621,0.227015711287201,"<=",0,0,0,0,0
"delta.deaths",100000000,0.148456674865621,0.264851663168401,"<=",0,0,0,0,0
"delta.deaths",100000000,0.148456674865621,0.302687615049601,"<=",0,0,0,0,0
"delta.deaths",100000000,0.148456674865621,0.340523566930801,"<=",0,0,0,0,0
