"budget","package.deaths","package.che.10","package.E","int_n_list","no_int_n_list"
10000000,1483.72905286063,0.000451432569906055,0.188547550499683,"5, 6, 7, 8, 13","1, 2, 3, 4, 9, 10, 11, 12, 14, 15, 16, 17, 18, 19, 20"
10000000,2254.8483831906,0.0149583158241897,0.139628791765218,"4, 5, 6, 12, 15, 18, 19","1, 2, 3, 7, 8, 9, 10, 11, 13, 14, 16, 17, 20"
10000000,2333.43643602479,0.0152014842994848,0.136429286913148,"4, 5, 6, 11, 12, 15, 18, 19","1, 2, 3, 7, 8, 9, 10, 13, 14, 16, 17, 20"
10000000,2335.25057202939,0.0129904781326289,0.181886313530968,"5, 6, 7, 11, 12, 18, 19","1, 2, 3, 4, 8, 9, 10, 13, 14, 15, 16, 17, 20"
10000000,2360.17147188647,0.0152270192943786,0.130784706319239,"4, 5, 6, 12, 15, 16, 18, 19","1, 2, 3, 7, 8, 9, 10, 11, 13, 14, 17, 20"
10000000,2382.52211729829,0.0131464328219624,0.17589967915982,"5, 6, 12, 13, 18, 19","1, 2, 3, 4, 7, 8, 9, 10, 11, 14, 15, 16, 17, 20"
10000000,2487.84520599416,0.0134151362921512,0.167055593713841,"5, 6, 12, 13, 16, 18, 19","1, 2, 3, 4, 7, 8, 9, 10, 11, 14, 15, 17, 20"
10000000,2566.43325882835,0.0136583047674463,0.163856088861771,"5, 6, 11, 12, 13, 16, 18, 19","1, 2, 3, 4, 7, 8, 9, 10, 14, 15, 17, 20"
10000000,2640.10267041078,0.0127791966809127,0.147137126201661,"5, 6, 12, 14, 18, 19","1, 2, 3, 4, 7, 8, 9, 10, 11, 13, 15, 16, 17, 20"
10000000,2658.91343523299,0.0134650383658403,0.0923886814325616,"5, 6, 10, 11, 12, 18, 19","1, 2, 3, 4, 7, 8, 9, 13, 14, 15, 16, 17, 20"
10000000,2739.12578129947,0.0127792177460112,0.142790246353485,"5, 6, 12, 14, 15, 18, 19","1, 2, 3, 4, 7, 8, 9, 10, 11, 13, 16, 17, 20"
10000000,2764.23652392886,0.0137337418360291,0.0835445959865821,"5, 6, 10, 11, 12, 16, 18, 19","1, 2, 3, 4, 7, 8, 9, 13, 14, 15, 17, 20"
10000000,2824.01381194084,0.0132910686263967,0.135093535903612,"5, 6, 11, 12, 14, 16, 18, 19","1, 2, 3, 4, 7, 8, 9, 10, 13, 15, 17, 20"
10000000,2863.25963481754,0.0137337629011276,0.0791977161384057,"5, 6, 10, 11, 12, 15, 16, 18, 19","1, 2, 3, 4, 7, 8, 9, 13, 14, 17, 20"
32500000,2455.2653436573,0.0677067163156004,0.225317704436388,"5, 6, 7, 12, 13, 20","1, 2, 3, 4, 8, 9, 10, 11, 14, 15, 16, 17, 18, 19"
32500000,2895.5195833397,0.0840583646133254,0.20933119556151,"4, 5, 6, 7, 11, 12, 13, 17, 18, 19","1, 2, 3, 8, 9, 10, 14, 15, 16, 20"
32500000,2994.54269422838,0.0840583856784239,0.204984315713333,"4, 5, 6, 7, 11, 12, 13, 15, 17, 18, 19","1, 2, 3, 8, 9, 10, 14, 16, 20"
32500000,3099.86578292425,0.0843270891486127,0.196140230267354,"4, 5, 6, 7, 11, 12, 13, 15, 16, 17, 18, 19","1, 2, 3, 8, 9, 10, 14, 20"
32500000,3110.16243457103,0.0832118225593553,0.218098279004373,"4, 5, 6, 7, 8, 11, 12, 13, 17, 18","1, 2, 3, 9, 10, 14, 15, 16, 19, 20"
32500000,3111.48882266679,0.0201873790798115,0.301872739001374,"3, 4, 5, 6, 7, 12, 13, 18, 19","1, 2, 8, 9, 10, 11, 14, 15, 16, 17, 20"
32500000,3127.92898321796,0.084349241163325,0.168790150145493,"4, 5, 6, 8, 11, 12, 13, 16, 17, 18, 19","1, 2, 3, 7, 9, 10, 14, 15, 20"
32500000,3252.12324734087,0.0836911495373743,0.176221762755174,"4, 5, 6, 7, 11, 12, 14, 15, 17, 18, 19","1, 2, 3, 8, 9, 10, 13, 16, 20"
32500000,3289.09998638967,0.0204305686202051,0.294326354301128,"3, 4, 5, 6, 7, 11, 12, 13, 15, 18, 19","1, 2, 8, 9, 10, 14, 16, 17, 20"
32500000,3301.20892861437,0.0816360980598518,0.215692155001846,"5, 6, 7, 12, 13, 14, 17, 18, 19","1, 2, 3, 4, 8, 9, 10, 11, 15, 16, 20"
32500000,3348.96428281326,0.0790602083451194,0.218659469353414,"5, 6, 7, 8, 11, 12, 13, 14, 17, 19","1, 2, 3, 4, 9, 10, 15, 16, 18, 20"
32500000,3366.51627460423,0.0832215365031235,0.211846546793033,"4, 5, 6, 7, 11, 12, 13, 14, 17, 18","1, 2, 3, 8, 9, 10, 15, 16, 19, 20"
32500000,3377.98284544397,0.0840902727020029,0.167035623531957,"4, 5, 6, 11, 12, 13, 14, 15, 17, 18, 19","1, 2, 3, 7, 8, 9, 10, 16, 20"
32500000,3394.42307508554,0.0206992720903939,0.285482268855149,"3, 4, 5, 6, 7, 11, 12, 13, 15, 16, 18, 19","1, 2, 8, 9, 10, 14, 17, 20"
32500000,3400.23203950306,0.0816361191249503,0.21134527515367,"5, 6, 7, 12, 13, 14, 15, 17, 18, 19","1, 2, 3, 4, 8, 9, 10, 11, 16, 20"
32500000,3404.71972673232,0.0195840055011365,0.307440317592168,"3, 4, 5, 6, 7, 8, 11, 12, 13, 18","1, 2, 9, 10, 14, 15, 16, 17, 19, 20"
32500000,3414.99123250398,0.083472909455671,0.197066815773511,"4, 5, 6, 7, 8, 12, 14, 17, 18, 19","1, 2, 3, 9, 10, 11, 13, 15, 16, 20"
32500000,3415.01453295242,0.0830005411076392,0.183349091675066,"4, 5, 6, 8, 12, 13, 14, 17, 18","1, 2, 3, 7, 9, 10, 11, 15, 16, 19, 20"
32500000,3432.57528424689,0.0845357012254164,0.16482919175123,"4, 5, 6, 7, 10, 11, 12, 13, 17, 18, 19","1, 2, 3, 8, 9, 14, 15, 16, 20"
32500000,3438.43549163115,0.0179985881229633,0.306939045952805,"3, 5, 6, 7, 8, 12, 13, 15, 18, 19","1, 2, 4, 9, 10, 11, 14, 16, 17, 20"
32500000,3483.30593413984,0.0843589761721917,0.158191538085977,"4, 5, 6, 11, 12, 13, 14, 15, 16, 17, 18, 19","1, 2, 3, 7, 8, 9, 10, 20"
32500000,3485.12007014443,0.0821479700053357,0.203648564703797,"5, 6, 7, 11, 12, 13, 14, 16, 17, 18, 19","1, 2, 3, 4, 8, 9, 10, 15, 20"
32500000,3493.60258578662,0.0832437095829343,0.180149586822996,"4, 5, 6, 8, 11, 12, 13, 14, 17, 18","1, 2, 3, 7, 9, 10, 15, 16, 19, 20"
32500000,3505.55512819893,0.0819048225951391,0.20250118970769,"5, 6, 7, 12, 13, 14, 15, 16, 17, 18, 19","1, 2, 3, 4, 8, 9, 10, 11, 20"
32500000,3559.66159542928,0.0845578743052272,0.133132231781193,"4, 5, 6, 8, 10, 11, 12, 13, 17, 18, 19","1, 2, 3, 7, 9, 14, 15, 16, 20"
32500000,3584.14318103312,0.0821479910704343,0.19930168485562,"5, 6, 7, 11, 12, 13, 14, 15, 16, 17, 18, 19","1, 2, 3, 4, 8, 9, 10, 20"
32500000,3605.90640351964,0.0819014606800562,0.176448810331563,"5, 6, 8, 11, 12, 13, 14, 15, 17, 18, 19","1, 2, 3, 4, 7, 9, 10, 16, 20"
32500000,3611.56778452519,0.0839252966090717,0.139266143645141,"4, 5, 6, 7, 10, 12, 14, 17, 18, 19","1, 2, 3, 8, 9, 11, 13, 15, 16, 20"
32500000,3643.52157497455,0.0154323912869005,0.308001507941209,"3, 5, 6, 7, 8, 11, 12, 13, 14, 19","1, 2, 4, 9, 10, 15, 16, 17, 18, 20"
32500000,3648.54452357399,0.0206647156919025,0.257370735191095,"3, 4, 5, 6, 7, 10, 12, 13, 18, 19","1, 2, 8, 9, 11, 14, 15, 16, 17, 20"
32500000,3661.07356676552,0.0195937194449047,0.301188585380828,"3, 4, 5, 6, 7, 11, 12, 13, 14, 18","1, 2, 8, 9, 10, 15, 16, 17, 19, 20"
32500000,3690.15583735938,0.0841684650843668,0.136066638793071,"4, 5, 6, 7, 10, 11, 12, 14, 17, 18, 19","1, 2, 3, 8, 9, 13, 15, 16, 20"
32500000,3694.78933166435,0.0180083020667315,0.300687313741465,"3, 5, 6, 7, 12, 13, 14, 15, 18, 19","1, 2, 4, 8, 9, 10, 11, 16, 17, 20"
32500000,3709.54852466526,0.0198450923974522,0.286408854361306,"3, 4, 5, 6, 7, 8, 12, 14, 18, 19","1, 2, 9, 10, 11, 13, 15, 16, 17, 20"
32500000,3709.57182511371,0.0193727240494204,0.272691130262861,"3, 4, 5, 6, 8, 12, 13, 14, 18","1, 2, 7, 9, 10, 11, 15, 16, 17, 19, 20"
32500000,3711.22949221551,0.0821701641502451,0.167604724885584,"5, 6, 8, 11, 12, 13, 14, 15, 16, 17, 18, 19","1, 2, 3, 4, 7, 9, 10, 20"
32500000,3727.13257640818,0.0209078841671976,0.254171230339025,"3, 4, 5, 6, 7, 10, 11, 12, 13, 18, 19","1, 2, 8, 9, 14, 15, 16, 17, 20"
32500000,3777.86322630113,0.0207311591139729,0.247533576673772,"3, 4, 5, 6, 11, 12, 13, 14, 15, 16, 18, 19","1, 2, 7, 8, 9, 10, 17, 20"
32500000,3779.67736230572,0.0185201529471169,0.292990603291592,"3, 5, 6, 7, 11, 12, 13, 14, 16, 18, 19","1, 2, 4, 8, 9, 10, 15, 17, 20"
32500000,3788.15987794791,0.0196158925247155,0.269491625410791,"3, 4, 5, 6, 8, 11, 12, 13, 14, 18","1, 2, 7, 9, 10, 15, 16, 17, 19, 20"
32500000,3791.01638470111,0.0814851116345775,0.16345906146427,"5, 6, 7, 10, 11, 12, 13, 14, 17, 18","1, 2, 3, 4, 8, 9, 15, 16, 19, 20"
32500000,3816.01543546248,0.0845675882489954,0.126880499569853,"4, 5, 6, 10, 11, 12, 13, 14, 17, 18, 19","1, 2, 3, 7, 8, 9, 15, 16, 20"
32500000,3817.24214854177,0.0841906381641776,0.104369678823034,"4, 5, 6, 8, 10, 11, 12, 14, 17, 18, 19","1, 2, 3, 7, 9, 13, 15, 16, 20"
32500000,3817.75142056279,0.0815106466294712,0.15781448087036,"5, 6, 7, 10, 12, 13, 14, 16, 17, 18","1, 2, 3, 4, 8, 9, 11, 15, 19, 20"
32500000,3818.92318518243,0.0189628472218479,0.237094783526385,"3, 5, 6, 7, 10, 11, 12, 13, 15, 16, 18, 19","1, 2, 4, 8, 9, 14, 17, 20"
32500000,3829.21799140253,0.0823793828283506,0.113003557609284,"5, 6, 10, 12, 13, 14, 15, 16, 17, 18, 19","1, 2, 3, 4, 7, 8, 9, 11, 20"
32500000,3839.49134260086,0.081736484587125,0.148679330444747,"5, 6, 7, 8, 10, 12, 14, 17, 18, 19","1, 2, 3, 4, 9, 11, 13, 15, 16, 20"
32500000,3843.35180769337,0.0845148394120263,0.00184464878675877,"4, 5, 6, 8, 9, 10, 11, 12, 16, 17, 18, 19","1, 2, 3, 7, 13, 14, 15, 20"
32500000,3843.97718440345,0.0842161731590713,0.0987250982291245,"4, 5, 6, 8, 10, 12, 14, 16, 17, 18, 19","1, 2, 3, 7, 9, 11, 13, 15, 20"
32500000,3854.21888759057,0.0209300572470084,0.222474270368988,"3, 4, 5, 6, 8, 10, 11, 12, 13, 18, 19","1, 2, 7, 9, 14, 15, 16, 17, 20"
32500000,3878.70047319441,0.0185201740122154,0.288643723443415,"3, 5, 6, 7, 11, 12, 13, 14, 15, 16, 18, 19","1, 2, 4, 8, 9, 10, 17, 20"
32500000,3900.46369568093,0.0182736436218374,0.265790848919358,"3, 5, 6, 8, 11, 12, 13, 14, 15, 18, 19","1, 2, 4, 7, 9, 10, 16, 17, 20"
32500000,3907.80604423672,0.0826225513036457,0.109804052757214,"5, 6, 10, 11, 12, 13, 14, 15, 16, 17, 18, 19","1, 2, 3, 4, 7, 8, 9, 20"
32500000,3918.07939543505,0.0819796530624201,0.145479825592677,"5, 6, 7, 8, 10, 11, 12, 14, 17, 18, 19","1, 2, 3, 4, 9, 13, 15, 16, 20"
32500000,3922.56523723764,0.0844593416343664,0.0955255933770547,"4, 5, 6, 8, 10, 11, 12, 14, 16, 17, 18, 19","1, 2, 3, 7, 9, 13, 15, 20"
32500000,3927.19873154261,0.0182991786167311,0.260146268325449,"3, 5, 6, 8, 12, 13, 14, 15, 16, 18, 19","1, 2, 4, 7, 9, 10, 11, 17, 20"
32500000,3944.83773174518,0.081532819709282,0.126117520900323,"5, 6, 8, 10, 12, 13, 14, 16, 17, 18","1, 2, 3, 4, 7, 9, 11, 15, 19, 20"
32500000,3984.71312952067,0.020540648026148,0.225408677380866,"3, 4, 5, 6, 7, 10, 11, 12, 14, 18, 19","1, 2, 8, 9, 13, 15, 16, 17, 20"
32500000,3994.3825590307,0.0842558498856056,0.00443700202139858,"4, 5, 6, 9, 10, 11, 12, 14, 17, 18, 19","1, 2, 3, 7, 8, 13, 15, 16, 20"
32500000,4005.7867843768,0.0185423470920262,0.256946763473379,"3, 5, 6, 8, 11, 12, 13, 14, 15, 16, 18, 19","1, 2, 4, 7, 9, 10, 17, 20"
32500000,4016.63175308979,0.0818016963085531,0.0487466536431117,"5, 6, 7, 9, 10, 12, 14, 17, 18, 19","1, 2, 3, 4, 8, 11, 13, 15, 16, 20"
32500000,4085.5736768624,0.0178572945763587,0.252801100052065,"3, 5, 6, 7, 10, 11, 12, 13, 14, 18","1, 2, 4, 8, 9, 15, 16, 17, 19, 20"
32500000,4095.21980592398,0.0820448647838482,0.0455471487910419,"5, 6, 7, 9, 10, 11, 12, 14, 17, 18, 19","1, 2, 3, 4, 8, 13, 15, 16, 20"
32500000,4110.57272762377,0.0209397711907766,0.216222538157648,"3, 4, 5, 6, 10, 11, 12, 13, 14, 18, 19","1, 2, 7, 8, 9, 15, 16, 17, 20"
32500000,4112.30871272408,0.0178828295712524,0.247156519458155,"3, 5, 6, 7, 10, 12, 13, 14, 16, 18","1, 2, 4, 8, 9, 11, 15, 17, 19, 20"
32500000,4123.77528356382,0.0187515657701318,0.202345596197079,"3, 5, 6, 10, 12, 13, 14, 15, 16, 18, 19","1, 2, 4, 7, 8, 9, 11, 17, 20"
32500000,4134.04863476215,0.0181086675289062,0.238021369032542,"3, 5, 6, 7, 8, 10, 12, 14, 18, 19","1, 2, 4, 9, 11, 13, 15, 16, 17, 20"
32500000,4138.53447656474,0.0205883561008525,0.18806713681692,"3, 4, 5, 6, 8, 10, 12, 14, 16, 18, 19","1, 2, 7, 9, 11, 13, 15, 17, 20"
32500000,4142.49135119289,0.0822008194731817,0.0395605144198939,"5, 6, 9, 10, 12, 13, 14, 17, 18, 19","1, 2, 3, 4, 7, 8, 11, 15, 16, 20"
32500000,4200.5661950683,0.0818411999060051,0.0229853392466179,"5, 6, 9, 10, 11, 12, 13, 14, 16, 17, 18","1, 2, 3, 4, 7, 8, 15, 19, 20"
32500000,4202.36333639801,0.0189947342454269,0.199146091345009,"3, 5, 6, 10, 11, 12, 13, 14, 15, 16, 18, 19","1, 2, 4, 7, 8, 9, 17, 20"
32500000,4212.63668759634,0.0183518360042013,0.234821864180473,"3, 5, 6, 7, 8, 10, 11, 12, 14, 18, 19","1, 2, 4, 9, 13, 15, 16, 17, 20"
32500000,4217.12252939893,0.0208315245761476,0.18486763196485,"3, 4, 5, 6, 8, 10, 11, 12, 14, 16, 18, 19","1, 2, 7, 9, 13, 15, 17, 20"
32500000,4222.30611710637,0.082067037863659,0.0138501888210051,"5, 6, 8, 9, 10, 11, 12, 14, 17, 18, 19","1, 2, 3, 4, 7, 13, 15, 16, 20"
32500000,4239.39502390647,0.0179050026510632,0.215459559488118,"3, 5, 6, 8, 10, 12, 13, 14, 16, 18","1, 2, 4, 7, 9, 11, 15, 17, 19, 20"
32500000,4288.93985119199,0.0206280328273868,0.0937790406091937,"3, 4, 5, 6, 9, 10, 11, 12, 14, 18, 19","1, 2, 7, 8, 13, 15, 16, 17, 20"
32500000,4380.58430062933,0.0164108929033292,0.195297397407211,"1, 4, 5, 6, 7, 8, 10, 11, 12, 13, 14, 15, 18, 19","2, 3, 9, 16, 17, 20"
32500000,4389.77709808527,0.0184170477256294,0.134889187378837,"3, 5, 6, 7, 9, 10, 11, 12, 14, 18, 19","1, 2, 4, 8, 13, 15, 16, 17, 20"
32500000,4394.26293988786,0.0208967362975756,0.0849349551632141,"3, 4, 5, 6, 9, 10, 11, 12, 14, 16, 18, 19","1, 2, 7, 8, 13, 15, 17, 20"
32500000,4407.319336491,0.016436427898223,0.189652816813301,"1, 4, 5, 6, 7, 8, 10, 12, 13, 14, 15, 16, 18, 19","2, 3, 9, 11, 17, 20"
32500000,4437.04864335418,0.0185730024149629,0.128902553007689,"3, 5, 6, 9, 10, 12, 13, 14, 18, 19","1, 2, 4, 7, 8, 11, 15, 16, 17, 20"
32500000,4485.9073893252,0.0166795963735181,0.186453311961231,"1, 4, 5, 6, 7, 8, 10, 11, 12, 13, 14, 15, 16, 18, 19","2, 3, 9, 17, 20"
32500000,4495.12348722959,0.0182133828477863,0.112327377834413,"3, 5, 6, 9, 10, 11, 12, 13, 14, 16, 18","1, 2, 4, 7, 8, 15, 17, 19, 20"
32500000,4516.86340926766,0.0184392208054402,0.1031922274088,"3, 5, 6, 8, 9, 10, 11, 12, 14, 18, 19","1, 2, 4, 7, 13, 15, 16, 17, 20"
32500000,4799.18074911555,0.0165010330183492,0.113010268771841,"1, 4, 5, 6, 7, 8, 9, 10, 11, 12, 13, 14, 18, 19","2, 3, 15, 16, 17, 20"
32500000,4819.61580717005,0.0162578856081526,0.111862893775735,"1, 4, 5, 6, 7, 8, 9, 10, 12, 13, 14, 15, 18, 19","2, 3, 11, 16, 17, 20"
32500000,4898.20386000424,0.0165010540834477,0.108663388923665,"1, 4, 5, 6, 7, 8, 9, 10, 11, 12, 13, 14, 15, 18, 19","2, 3, 16, 17, 20"
32500000,5003.52694870011,0.0167697575536365,0.0998193034776855,"1, 4, 5, 6, 7, 8, 9, 10, 11, 12, 13, 14, 15, 16, 18, 19","2, 3, 17, 20"
32500000,5017.2132101241,0.0163705480561945,0.00911499515907382,"2, 4, 5, 6, 7, 8, 9, 10, 11, 12, 13, 14, 15, 18, 19","1, 3, 16, 17, 20"
32500000,5122.53629881997,0.0166392515263834,0.000270909713094271,"2, 4, 5, 6, 7, 8, 9, 10, 11, 12, 13, 14, 15, 16, 18, 19","1, 3, 17, 20"
55000000,3592.49726605704,0.142356320348153,0.23871569485772,"4, 5, 6, 7, 8, 11, 12, 13, 17, 18, 19, 20","1, 2, 3, 9, 10, 14, 15, 16"
55000000,3697.82035475291,0.142625023818342,0.22987160941174,"4, 5, 6, 7, 8, 11, 12, 13, 16, 17, 18, 19, 20","1, 2, 3, 9, 10, 14, 15"
55000000,3701.13882145241,0.143342417801079,0.12929470152171,"1, 4, 5, 6, 10, 11, 12, 13, 16, 17, 18, 19, 20","2, 3, 7, 8, 9, 14, 15"
55000000,3848.85110609023,0.142366034291921,0.23246396264638,"4, 5, 6, 7, 11, 12, 13, 14, 17, 18, 19, 20","1, 2, 3, 8, 9, 10, 15, 16"
55000000,3887.05455821833,0.0787285032899339,0.328057733445515,"3, 4, 5, 6, 7, 8, 11, 12, 13, 18, 19, 20","1, 2, 9, 10, 14, 15, 16, 17"
55000000,3954.1741947861,0.14263473776211,0.2236198772004,"4, 5, 6, 7, 11, 12, 13, 14, 16, 17, 18, 19, 20","1, 2, 3, 8, 9, 10, 15"
55000000,3998.18661133172,0.139934053794679,0.245076654298056,"5, 6, 7, 8, 12, 13, 14, 17, 18, 19, 20","1, 2, 3, 4, 9, 10, 11, 15, 16"
55000000,4002.6724531343,0.142413742366625,0.195122422082433,"4, 5, 6, 8, 12, 13, 14, 16, 17, 18, 19, 20","1, 2, 3, 7, 9, 10, 11, 15"
55000000,4076.77466416591,0.140177222269974,0.241877149445986,"5, 6, 7, 8, 11, 12, 13, 14, 17, 18, 19, 20","1, 2, 3, 4, 9, 10, 15, 16"
55000000,4081.26050596849,0.14265691084192,0.191922917230363,"4, 5, 6, 8, 11, 12, 13, 14, 16, 17, 18, 19, 20","1, 2, 3, 7, 9, 10, 15"
55000000,4093.92591645964,0.142597426049837,0.146165835400043,"4, 5, 6, 10, 12, 13, 14, 17, 18, 19, 20","1, 2, 3, 7, 8, 9, 11, 15, 16"
55000000,4143.40839825152,0.078738217233702,0.321806001234175,"3, 4, 5, 6, 7, 11, 12, 13, 14, 18, 19, 20","1, 2, 8, 9, 10, 15, 16, 17"
55000000,4145.67748207943,0.142441492425602,0.147805589923015,"4, 5, 6, 7, 10, 11, 12, 14, 15, 17, 18, 19, 20","1, 2, 3, 8, 9, 13, 16"
55000000,4192.94902734833,0.142597447114936,0.141818955551867,"4, 5, 6, 10, 12, 13, 14, 15, 17, 18, 19, 20","1, 2, 3, 7, 8, 9, 11, 16"
55000000,4196.20746236936,0.089652842290656,0.25743920263073,"1, 3, 4, 5, 6, 7, 8, 10, 11, 12, 13, 17, 18, 19","2, 9, 14, 15, 16, 20"
55000000,4248.73148694739,0.0790069207038909,0.312961915788195,"3, 4, 5, 6, 7, 11, 12, 13, 14, 16, 18, 19, 20","1, 2, 8, 9, 10, 15, 17"
55000000,4273.35121618712,0.140629609423375,0.184076477317617,"5, 6, 7, 10, 11, 12, 13, 14, 17, 18, 19, 20","1, 2, 3, 4, 8, 9, 15, 16"
55000000,4276.41980843584,0.0889670216708269,0.307840767551654,"1, 3, 4, 5, 6, 7, 8, 12, 13, 14, 15, 17, 18, 19","2, 9, 10, 11, 16, 20"
55000000,4277.8370579897,0.143109297995321,0.134122245101994,"4, 5, 6, 10, 11, 12, 13, 14, 16, 17, 18, 19, 20","1, 2, 3, 7, 8, 9, 15"
55000000,4279.063771069,0.142732347910503,0.111611424355175,"4, 5, 6, 8, 10, 11, 12, 14, 16, 17, 18, 19, 20","1, 2, 3, 7, 9, 13, 15"
55000000,4292.743903493,0.0763062367364603,0.334418692885851,"3, 5, 6, 7, 8, 12, 13, 14, 18, 19, 20","1, 2, 4, 9, 10, 11, 15, 16, 17"
55000000,4361.30783907721,0.0894788725512123,0.300144057101781,"1, 3, 4, 5, 6, 7, 8, 11, 12, 13, 14, 16, 17, 18, 19","2, 9, 10, 15, 20"
55000000,4371.3319563272,0.0765494052117554,0.331219188033781,"3, 5, 6, 7, 8, 11, 12, 13, 14, 18, 19, 20","1, 2, 4, 9, 10, 15, 16, 17"
55000000,4378.08688195769,0.142732368975602,0.107264544506998,"4, 5, 6, 8, 10, 11, 12, 14, 15, 16, 17, 18, 19, 20","1, 2, 3, 7, 9, 13"
55000000,4378.67430488299,0.140898312893564,0.175232391871637,"5, 6, 7, 10, 11, 12, 13, 14, 16, 17, 18, 19, 20","1, 2, 3, 4, 8, 9, 15"
55000000,4427.17256323119,0.140677317498079,0.14673493675367,"5, 6, 8, 10, 12, 13, 14, 16, 17, 18, 19, 20","1, 2, 3, 4, 7, 9, 11, 15"
55000000,4440.19619758401,0.0892111104080942,0.293577784727138,"3, 4, 5, 6, 7, 8, 11, 12, 13, 14, 15, 16, 17, 18, 19","1, 2, 9, 10, 20"
55000000,4449.90420375075,0.142528877226841,0.0161759531513423,"4, 5, 6, 9, 10, 11, 12, 14, 15, 17, 18, 19, 20","1, 2, 3, 7, 8, 13, 16"
55000000,4505.76061606538,0.140920485973374,0.1435354319016,"5, 6, 8, 10, 11, 12, 13, 14, 16, 17, 18, 19, 20","1, 2, 3, 4, 7, 9, 15"
55000000,4550.74145064403,0.140317892125084,0.0572860999209856,"5, 6, 7, 9, 10, 11, 12, 14, 15, 17, 18, 19, 20","1, 2, 3, 4, 8, 13, 16"
55000000,4555.22729244662,0.14279758069703,0.00733186770536276,"4, 5, 6, 9, 10, 11, 12, 14, 15, 16, 17, 18, 19, 20","1, 2, 3, 7, 8, 13"
55000000,4567.90850834841,0.077001792365156,0.273418515905412,"3, 5, 6, 7, 10, 11, 12, 13, 14, 18, 19, 20","1, 2, 4, 8, 9, 15, 16, 17"
55000000,4598.01299591294,0.140473846814417,0.0512994655498377,"5, 6, 9, 10, 12, 13, 14, 15, 17, 18, 19, 20","1, 2, 3, 4, 7, 8, 11, 16"
55000000,4605.99141376104,0.0209921117612681,0.279935732142401,"1, 3, 4, 5, 6, 7, 8, 10, 12, 13, 14, 18, 19","2, 9, 11, 15, 16, 17, 20"
55000000,4682.90102655431,0.140985697694803,0.0436027550999646,"5, 6, 9, 10, 11, 12, 13, 14, 16, 17, 18, 19, 20","1, 2, 3, 4, 7, 8, 15"
55000000,4684.1277396336,0.140608747609985,0.0210919343531456,"5, 6, 8, 9, 10, 11, 12, 14, 16, 17, 18, 19, 20","1, 2, 3, 4, 7, 13, 15"
55000000,4694.31764607246,0.0891765540096027,0.265466251063084,"3, 4, 5, 6, 7, 8, 10, 12, 13, 14, 17, 18, 19","1, 2, 9, 11, 15, 16, 20"
55000000,4783.60257748392,0.0212353013016617,0.272389347442155,"1, 3, 4, 5, 6, 7, 8, 10, 11, 12, 13, 14, 15, 18, 19","2, 9, 16, 17, 20"
55000000,4810.3376133456,0.0212608362965554,0.266744766848245,"1, 3, 4, 5, 6, 7, 8, 10, 12, 13, 14, 15, 16, 18, 19","2, 9, 11, 17, 20"
55000000,4871.92880979534,0.0894197435499963,0.257919866362838,"3, 4, 5, 6, 7, 8, 10, 11, 12, 13, 14, 15, 17, 18, 19","1, 2, 9, 16, 20"
55000000,4878.22878760252,0.0896884259550867,0.253422660765034,"3, 4, 5, 6, 7, 8, 10, 11, 12, 13, 14, 16, 17, 18, 19","1, 2, 9, 15, 20"
55000000,4888.92566617979,0.0215040047718505,0.263545261996175,"1, 3, 4, 5, 6, 7, 8, 10, 11, 12, 13, 14, 15, 16, 18, 19","2, 9, 17, 20"
55000000,4898.66384565702,0.0894452785448901,0.252275285768928,"3, 4, 5, 6, 7, 8, 10, 12, 13, 14, 15, 16, 17, 18, 19","1, 2, 9, 11, 20"
55000000,4977.25189849121,0.0896884470201852,0.249075780916858,"3, 4, 5, 6, 7, 8, 10, 11, 12, 13, 14, 15, 16, 17, 18, 19","1, 2, 9, 20"
55000000,5055.36919809145,0.0897536376765147,0.153489983963399,"3, 4, 5, 6, 7, 9, 10, 11, 12, 13, 14, 16, 17, 18, 19","1, 2, 8, 15, 20"
55000000,5099.38161463706,0.0870529537090841,0.174946761061055,"3, 5, 6, 7, 8, 9, 10, 12, 13, 14, 17, 18, 19","1, 2, 4, 11, 15, 16, 20"
55000000,5154.39230898014,0.0897536587416132,0.149143104115222,"3, 4, 5, 6, 7, 9, 10, 11, 12, 13, 14, 15, 16, 17, 18, 19","1, 2, 8, 20"
55000000,5176.15553146666,0.0895071283512352,0.126290229591165,"3, 4, 5, 6, 8, 9, 10, 11, 12, 13, 14, 15, 17, 18, 19","1, 2, 7, 16, 20"
55000000,5202.89056732834,0.0895326633461289,0.120645648997256,"3, 4, 5, 6, 8, 9, 10, 12, 13, 14, 15, 16, 17, 18, 19","1, 2, 7, 11, 20"
55000000,5222.63408402465,0.021082294006485,0.188954843810679,"1, 3, 4, 5, 6, 7, 8, 9, 10, 12, 13, 14, 15, 18, 19","2, 11, 16, 17, 20"
55000000,5276.99277835995,0.0872961432494778,0.167400376360808,"3, 5, 6, 7, 8, 9, 10, 11, 12, 13, 14, 15, 17, 18, 19","1, 2, 4, 16, 20"
55000000,5281.47862016253,0.089775831821424,0.117446144145186,"3, 4, 5, 6, 8, 9, 10, 11, 12, 13, 14, 15, 16, 17, 18, 19","1, 2, 7, 20"
55000000,5303.72781422162,0.0873216782443715,0.161755795766899,"3, 5, 6, 7, 8, 9, 10, 12, 13, 14, 15, 16, 17, 18, 19","1, 2, 4, 11, 20"
55000000,5307.52211466602,0.0215941448868705,0.181258133360806,"1, 3, 4, 5, 6, 7, 8, 9, 10, 11, 12, 13, 14, 16, 18, 19","2, 15, 17, 20"
55000000,5360.02548253147,0.0750427638297734,0.115905134455806,"1, 4, 5, 6, 7, 8, 9, 10, 11, 12, 13, 14, 15, 16, 18, 19, 20","2, 3, 17"
55000000,5373.71174395546,0.0746435543323314,0.0252008261371939,"2, 4, 5, 6, 7, 8, 9, 10, 11, 12, 13, 14, 15, 18, 19, 20","1, 3, 16, 17"
55000000,5406.54522555471,0.021594165951969,0.17691125351263,"1, 3, 4, 5, 6, 7, 8, 9, 10, 11, 12, 13, 14, 15, 16, 18, 19","2, 17, 20"
55000000,5446.66621716777,0.021731422067834,0.0839291321226813,"1, 2, 3, 4, 5, 6, 7, 8, 9, 10, 11, 12, 13, 14, 16, 18, 19","15, 17, 20"
55000000,5479.03483265133,0.0749122578025203,0.0163567406912144,"2, 4, 5, 6, 7, 8, 9, 10, 11, 12, 13, 14, 15, 16, 18, 19, 20","1, 3, 17"
55000000,5545.68932805646,0.0217314431329325,0.0795822522745049,"1, 2, 3, 4, 5, 6, 7, 8, 9, 10, 11, 12, 13, 14, 15, 16, 18, 19","17, 20"
77500000,4425.4342466852,0.078787781425314,0.340523566930801,"1, 3, 4, 5, 6, 7, 8, 12, 13, 14, 18, 19, 20","2, 9, 10, 11, 15, 16, 17"
77500000,4524.45735757389,0.0787878024904125,0.336176687082625,"1, 3, 4, 5, 6, 7, 8, 12, 13, 14, 15, 18, 19, 20","2, 9, 10, 11, 16, 17"
77500000,4533.89523137851,0.147240006881865,0.32827347837795,"1, 3, 4, 5, 6, 7, 8, 12, 13, 14, 17, 18, 19, 20","2, 9, 10, 11, 15, 16"
77500000,4609.34538821526,0.0792996533707979,0.328479976632752,"1, 3, 4, 5, 6, 7, 8, 11, 12, 13, 14, 16, 18, 19, 20","2, 9, 10, 15, 17"
77500000,4629.78044626976,0.0790565059606013,0.327332601636645,"1, 3, 4, 5, 6, 7, 8, 12, 13, 14, 15, 16, 18, 19, 20","2, 9, 10, 11, 17"
77500000,4711.50639510139,0.147483196422259,0.320727093677704,"1, 3, 4, 5, 6, 7, 8, 11, 12, 13, 14, 15, 17, 18, 19, 20","2, 9, 10, 16"
77500000,4717.80637290857,0.147751878827349,0.316229888079901,"1, 3, 4, 5, 6, 7, 8, 11, 12, 13, 14, 16, 17, 18, 19, 20","2, 9, 10, 15"
77500000,4738.24143096307,0.147508731417153,0.315082513083794,"1, 3, 4, 5, 6, 7, 8, 12, 13, 14, 15, 16, 17, 18, 19, 20","2, 9, 10, 11"
77500000,4816.82948379726,0.147751899892448,0.311883008231724,"1, 3, 4, 5, 6, 7, 8, 11, 12, 13, 14, 15, 16, 17, 18, 19, 20","2, 9, 10"
77500000,5041.07800042659,0.0795082865127001,0.292822058268451,"1, 3, 4, 5, 6, 7, 8, 10, 11, 12, 13, 14, 18, 19, 20","2, 9, 15, 16, 17"
77500000,5129.40423273801,0.147692728761035,0.278352577189134,"3, 4, 5, 6, 7, 8, 10, 11, 12, 13, 14, 17, 18, 19, 20","1, 2, 9, 15, 16"
77500000,5140.10111131528,0.0795083075777986,0.288475178420275,"1, 3, 4, 5, 6, 7, 8, 10, 11, 12, 13, 14, 15, 18, 19, 20","2, 9, 16, 17"
77500000,5156.13926859969,0.147718263755928,0.272707996595224,"3, 4, 5, 6, 7, 8, 10, 12, 13, 14, 16, 17, 18, 19, 20","1, 2, 9, 11, 15"
77500000,5228.4273436267,0.147692749826133,0.274005697340958,"3, 4, 5, 6, 7, 8, 10, 11, 12, 13, 14, 15, 17, 18, 19, 20","1, 2, 9, 16"
77500000,5245.42420001115,0.0797770110479875,0.279631092974295,"1, 3, 4, 5, 6, 7, 8, 10, 11, 12, 13, 14, 15, 16, 18, 19, 20","2, 9, 17"
77500000,5333.75043232257,0.147961453296322,0.265161611894978,"3, 4, 5, 6, 7, 8, 10, 11, 12, 13, 14, 15, 16, 17, 18, 19, 20","1, 2, 9"
77500000,5405.56775411563,0.147757961547561,0.174073020539322,"3, 4, 5, 6, 7, 9, 10, 11, 12, 13, 14, 15, 17, 18, 19, 20","1, 2, 8, 16"
77500000,5432.30278997731,0.147783496542455,0.168428439945412,"3, 4, 5, 6, 7, 9, 10, 12, 13, 14, 15, 16, 17, 18, 19, 20","1, 2, 8, 11"
77500000,5480.10950696731,0.0793552792175234,0.209387554636976,"1, 3, 4, 5, 6, 7, 8, 9, 10, 12, 13, 14, 18, 19, 20","2, 11, 15, 16, 17"
77500000,5510.8908428115,0.14802666501775,0.165228935093343,"3, 4, 5, 6, 7, 9, 10, 11, 12, 13, 14, 15, 16, 17, 18, 19, 20","1, 2, 8"
77500000,5532.65406529802,0.147780134627372,0.142376060569285,"3, 4, 5, 6, 8, 9, 10, 11, 12, 13, 14, 15, 17, 18, 19, 20","1, 2, 7, 16"
77500000,5568.43573927873,0.147539721465858,0.194918073557658,"3, 4, 5, 6, 7, 8, 9, 10, 12, 13, 14, 17, 18, 19, 20","1, 2, 11, 15, 16"
77500000,5626.51058315415,0.147180101898682,0.178342898384382,"3, 4, 5, 6, 7, 8, 9, 10, 11, 12, 13, 14, 16, 17, 18, 20","1, 2, 15, 19"
77500000,5633.4913121913,0.145569149525615,0.183486207338929,"3, 5, 6, 7, 8, 9, 10, 11, 12, 13, 14, 15, 17, 18, 19, 20","1, 2, 4, 16"
77500000,5637.97715399389,0.148048838097561,0.133531975123306,"3, 4, 5, 6, 8, 9, 10, 11, 12, 13, 14, 15, 16, 17, 18, 19, 20","1, 2, 7"
77500000,5657.7206706902,0.079598468757917,0.201841169936729,"1, 3, 4, 5, 6, 7, 8, 9, 10, 11, 12, 13, 14, 15, 18, 19, 20","2, 16, 17"
77500000,5664.02064849738,0.0798671511630074,0.197343964338926,"1, 3, 4, 5, 6, 7, 8, 9, 10, 11, 12, 13, 14, 16, 18, 19, 20","2, 15, 17"
77500000,5684.45570655187,0.0796240037528108,0.19619658934282,"1, 3, 4, 5, 6, 7, 8, 9, 10, 12, 13, 14, 15, 16, 18, 19, 20","2, 11, 17"
77500000,5738.81440088717,0.145837852995803,0.174642121892949,"3, 5, 6, 7, 8, 9, 10, 11, 12, 13, 14, 15, 16, 17, 18, 19, 20","1, 2, 4"
77500000,5763.04375938607,0.0798671722281059,0.19299708449075,"1, 3, 4, 5, 6, 7, 8, 9, 10, 11, 12, 13, 14, 15, 16, 18, 19, 20","2, 17"
77500000,5796.86477319194,0.0797357459388806,0.104512168698605,"1, 2, 3, 4, 5, 6, 7, 8, 9, 10, 11, 12, 13, 14, 15, 18, 19, 20","16, 17"
77500000,5803.16475099912,0.0800044283439709,0.100014963100801,"1, 2, 3, 4, 5, 6, 7, 8, 9, 10, 11, 12, 13, 14, 16, 18, 19, 20","15, 17"
77500000,5823.59980905362,0.0797612809337743,0.0988675881046949,"1, 2, 3, 4, 5, 6, 7, 8, 9, 10, 12, 13, 14, 15, 16, 18, 19, 20","11, 17"
77500000,5902.18786188781,0.0800044494090694,0.095668083252625,"1, 2, 3, 4, 5, 6, 7, 8, 9, 10, 11, 12, 13, 14, 15, 16, 18, 19, 20","17"
100000000,4425.4342466852,0.078787781425314,0.340523566930801,"1, 3, 4, 5, 6, 7, 8, 12, 13, 14, 18, 19, 20","2, 9, 10, 11, 15, 16, 17"
100000000,4524.45735757389,0.0787878024904125,0.336176687082625,"1, 3, 4, 5, 6, 7, 8, 12, 13, 14, 15, 18, 19, 20","2, 9, 10, 11, 16, 17"
100000000,4533.89523137851,0.147240006881865,0.32827347837795,"1, 3, 4, 5, 6, 7, 8, 12, 13, 14, 17, 18, 19, 20","2, 9, 10, 11, 15, 16"
100000000,4609.34538821526,0.0792996533707979,0.328479976632752,"1, 3, 4, 5, 6, 7, 8, 11, 12, 13, 14, 16, 18, 19, 20","2, 9, 10, 15, 17"
100000000,4629.78044626976,0.0790565059606013,0.327332601636645,"1, 3, 4, 5, 6, 7, 8, 12, 13, 14, 15, 16, 18, 19, 20","2, 9, 10, 11, 17"
100000000,4711.50639510139,0.147483196422259,0.320727093677704,"1, 3, 4, 5, 6, 7, 8, 11, 12, 13, 14, 15, 17, 18, 19, 20","2, 9, 10, 16"
100000000,4717.80637290857,0.147751878827349,0.316229888079901,"1, 3, 4, 5, 6, 7, 8, 11, 12, 13, 14, 16, 17, 18, 19, 20","2, 9, 10, 15"
100000000,4738.24143096307,0.147508731417153,0.315082513083794,"1, 3, 4, 5, 6, 7, 8, 12, 13, 14, 15, 16, 17, 18, 19, 20","2, 9, 10, 11"
100000000,4816.82948379726,0.147751899892448,0.311883008231724,"1, 3, 4, 5, 6, 7, 8, 11, 12, 13, 14, 15, 16, 17, 18, 19, 20","2, 9, 10"
100000000,5041.07800042659,0.0795082865127001,0.292822058268451,"1, 3, 4, 5, 6, 7, 8, 10, 11, 12, 13, 14, 18, 19, 20","2, 9, 15, 16, 17"
100000000,5140.10111131528,0.0795083075777986,0.288475178420275,"1, 3, 4, 5, 6, 7, 8, 10, 11, 12, 13, 14, 15, 18, 19, 20","2, 9, 16, 17"
100000000,5169.97404317439,0.147717364559055,0.279424594719494,"1, 3, 4, 5, 6, 7, 8, 10, 12, 13, 14, 15, 17, 18, 19, 20","2, 9, 11, 16"
100000000,5245.42420001115,0.0797770110479875,0.279631092974295,"1, 3, 4, 5, 6, 7, 8, 10, 11, 12, 13, 14, 15, 16, 18, 19, 20","2, 9, 17"
100000000,5254.86207381577,0.14822921543944,0.271727884269621,"1, 3, 4, 5, 6, 7, 8, 10, 11, 12, 13, 14, 16, 17, 18, 19, 20","2, 9, 15"
100000000,5353.88518470446,0.148229236504539,0.267381004421445,"1, 3, 4, 5, 6, 7, 8, 10, 11, 12, 13, 14, 15, 16, 17, 18, 19, 20","2, 9"
100000000,5480.10950696731,0.0793552792175234,0.209387554636976,"1, 3, 4, 5, 6, 7, 8, 9, 10, 12, 13, 14, 18, 19, 20","2, 11, 15, 16, 17"
100000000,5588.57049166062,0.147807504674075,0.197137466084125,"1, 3, 4, 5, 6, 7, 8, 9, 10, 12, 13, 14, 17, 18, 19, 20","2, 11, 15, 16"
100000000,5657.7206706902,0.079598468757917,0.201841169936729,"1, 3, 4, 5, 6, 7, 8, 9, 10, 11, 12, 13, 14, 15, 18, 19, 20","2, 16, 17"
100000000,5664.02064849738,0.0798671511630074,0.197343964338926,"1, 3, 4, 5, 6, 7, 8, 9, 10, 11, 12, 13, 14, 16, 18, 19, 20","2, 15, 17"
100000000,5684.45570655187,0.0796240037528108,0.19619658934282,"1, 3, 4, 5, 6, 7, 8, 9, 10, 12, 13, 14, 15, 16, 18, 19, 20","2, 11, 17"
100000000,5766.1816553835,0.148050694214468,0.189591081383878,"1, 3, 4, 5, 6, 7, 8, 9, 10, 11, 12, 13, 14, 15, 17, 18, 19, 20","2, 16"
100000000,5871.50474407937,0.148319397684657,0.180746995937899,"1, 3, 4, 5, 6, 7, 8, 9, 10, 11, 12, 13, 14, 15, 16, 17, 18, 19, 20","2"
100000000,5905.32575788525,0.148187971395432,0.0922620801457537,"1, 2, 3, 4, 5, 6, 7, 8, 9, 10, 11, 12, 13, 14, 15, 17, 18, 19, 20","16"
100000000,6010.64884658112,0.148456674865621,0.0834179946997741,"1, 2, 3, 4, 5, 6, 7, 8, 9, 10, 11, 12, 13, 14, 15, 16, 17, 18, 19, 20",""
200000000,4425.4342466852,0.078787781425314,0.340523566930801,"1, 3, 4, 5, 6, 7, 8, 12, 13, 14, 18, 19, 20","2, 9, 10, 11, 15, 16, 17"
200000000,4524.45735757389,0.0787878024904125,0.336176687082625,"1, 3, 4, 5, 6, 7, 8, 12, 13, 14, 15, 18, 19, 20","2, 9, 10, 11, 16, 17"
200000000,4533.89523137851,0.147240006881865,0.32827347837795,"1, 3, 4, 5, 6, 7, 8, 12, 13, 14, 17, 18, 19, 20","2, 9, 10, 11, 15, 16"
200000000,4609.34538821526,0.0792996533707979,0.328479976632752,"1, 3, 4, 5, 6, 7, 8, 11, 12, 13, 14, 16, 18, 19, 20","2, 9, 10, 15, 17"
200000000,4629.78044626976,0.0790565059606013,0.327332601636645,"1, 3, 4, 5, 6, 7, 8, 12, 13, 14, 15, 16, 18, 19, 20","2, 9, 10, 11, 17"
200000000,4711.50639510139,0.147483196422259,0.320727093677704,"1, 3, 4, 5, 6, 7, 8, 11, 12, 13, 14, 15, 17, 18, 19, 20","2, 9, 10, 16"
200000000,4717.80637290857,0.147751878827349,0.316229888079901,"1, 3, 4, 5, 6, 7, 8, 11, 12, 13, 14, 16, 17, 18, 19, 20","2, 9, 10, 15"
200000000,4738.24143096307,0.147508731417153,0.315082513083794,"1, 3, 4, 5, 6, 7, 8, 12, 13, 14, 15, 16, 17, 18, 19, 20","2, 9, 10, 11"
200000000,4816.82948379726,0.147751899892448,0.311883008231724,"1, 3, 4, 5, 6, 7, 8, 11, 12, 13, 14, 15, 16, 17, 18, 19, 20","2, 9, 10"
200000000,5041.07800042659,0.0795082865127001,0.292822058268451,"1, 3, 4, 5, 6, 7, 8, 10, 11, 12, 13, 14, 18, 19, 20","2, 9, 15, 16, 17"
200000000,5140.10111131528,0.0795083075777986,0.288475178420275,"1, 3, 4, 5, 6, 7, 8, 10, 11, 12, 13, 14, 15, 18, 19, 20","2, 9, 16, 17"
200000000,5169.97404317439,0.147717364559055,0.279424594719494,"1, 3, 4, 5, 6, 7, 8, 10, 12, 13, 14, 15, 17, 18, 19, 20","2, 9, 11, 16"
200000000,5245.42420001115,0.0797770110479875,0.279631092974295,"1, 3, 4, 5, 6, 7, 8, 10, 11, 12, 13, 14, 15, 16, 18, 19, 20","2, 9, 17"
200000000,5254.86207381577,0.14822921543944,0.271727884269621,"1, 3, 4, 5, 6, 7, 8, 10, 11, 12, 13, 14, 16, 17, 18, 19, 20","2, 9, 15"
200000000,5353.88518470446,0.148229236504539,0.267381004421445,"1, 3, 4, 5, 6, 7, 8, 10, 11, 12, 13, 14, 15, 16, 17, 18, 19, 20","2, 9"
200000000,5480.10950696731,0.0793552792175234,0.209387554636976,"1, 3, 4, 5, 6, 7, 8, 9, 10, 12, 13, 14, 18, 19, 20","2, 11, 15, 16, 17"
200000000,5588.57049166062,0.147807504674075,0.197137466084125,"1, 3, 4, 5, 6, 7, 8, 9, 10, 12, 13, 14, 17, 18, 19, 20","2, 11, 15, 16"
200000000,5657.7206706902,0.079598468757917,0.201841169936729,"1, 3, 4, 5, 6, 7, 8, 9, 10, 11, 12, 13, 14, 15, 18, 19, 20","2, 16, 17"
200000000,5664.02064849738,0.0798671511630074,0.197343964338926,"1, 3, 4, 5, 6, 7, 8, 9, 10, 11, 12, 13, 14, 16, 18, 19, 20","2, 15, 17"
200000000,5684.45570655187,0.0796240037528108,0.19619658934282,"1, 3, 4, 5, 6, 7, 8, 9, 10, 12, 13, 14, 15, 16, 18, 19, 20","2, 11, 17"
200000000,5766.1816553835,0.148050694214468,0.189591081383878,"1, 3, 4, 5, 6, 7, 8, 9, 10, 11, 12, 13, 14, 15, 17, 18, 19, 20","2, 16"
200000000,5871.50474407937,0.148319397684657,0.180746995937899,"1, 3, 4, 5, 6, 7, 8, 9, 10, 11, 12, 13, 14, 15, 16, 17, 18, 19, 20","2"
200000000,5905.32575788525,0.148187971395432,0.0922620801457537,"1, 2, 3, 4, 5, 6, 7, 8, 9, 10, 11, 12, 13, 14, 15, 17, 18, 19, 20","16"
200000000,6010.64884658112,0.148456674865621,0.0834179946997741,"1, 2, 3, 4, 5, 6, 7, 8, 9, 10, 11, 12, 13, 14, 15, 16, 17, 18, 19, 20",""
300000000,4425.4342466852,0.078787781425314,0.340523566930801,"1, 3, 4, 5, 6, 7, 8, 12, 13, 14, 18, 19, 20","2, 9, 10, 11, 15, 16, 17"
300000000,4524.45735757389,0.0787878024904125,0.336176687082625,"1, 3, 4, 5, 6, 7, 8, 12, 13, 14, 15, 18, 19, 20","2, 9, 10, 11, 16, 17"
300000000,4533.89523137851,0.147240006881865,0.32827347837795,"1, 3, 4, 5, 6, 7, 8, 12, 13, 14, 17, 18, 19, 20","2, 9, 10, 11, 15, 16"
300000000,4609.34538821526,0.0792996533707979,0.328479976632752,"1, 3, 4, 5, 6, 7, 8, 11, 12, 13, 14, 16, 18, 19, 20","2, 9, 10, 15, 17"
300000000,4629.78044626976,0.0790565059606013,0.327332601636645,"1, 3, 4, 5, 6, 7, 8, 12, 13, 14, 15, 16, 18, 19, 20","2, 9, 10, 11, 17"
300000000,4711.50639510139,0.147483196422259,0.320727093677704,"1, 3, 4, 5, 6, 7, 8, 11, 12, 13, 14, 15, 17, 18, 19, 20","2, 9, 10, 16"
300000000,4717.80637290857,0.147751878827349,0.316229888079901,"1, 3, 4, 5, 6, 7, 8, 11, 12, 13, 14, 16, 17, 18, 19, 20","2, 9, 10, 15"
300000000,4738.24143096307,0.147508731417153,0.315082513083794,"1, 3, 4, 5, 6, 7, 8, 12, 13, 14, 15, 16, 17, 18, 19, 20","2, 9, 10, 11"
300000000,4816.82948379726,0.147751899892448,0.311883008231724,"1, 3, 4, 5, 6, 7, 8, 11, 12, 13, 14, 15, 16, 17, 18, 19, 20","2, 9, 10"
300000000,5041.07800042659,0.0795082865127001,0.292822058268451,"1, 3, 4, 5, 6, 7, 8, 10, 11, 12, 13, 14, 18, 19, 20","2, 9, 15, 16, 17"
300000000,5140.10111131528,0.0795083075777986,0.288475178420275,"1, 3, 4, 5, 6, 7, 8, 10, 11, 12, 13, 14, 15, 18, 19, 20","2, 9, 16, 17"
300000000,5169.97404317439,0.147717364559055,0.279424594719494,"1, 3, 4, 5, 6, 7, 8, 10, 12, 13, 14, 15, 17, 18, 19, 20","2, 9, 11, 16"
300000000,5245.42420001115,0.0797770110479875,0.279631092974295,"1, 3, 4, 5, 6, 7, 8, 10, 11, 12, 13, 14, 15, 16, 18, 19, 20","2, 9, 17"
300000000,5254.86207381577,0.14822921543944,0.271727884269621,"1, 3, 4, 5, 6, 7, 8, 10, 11, 12, 13, 14, 16, 17, 18, 19, 20","2, 9, 15"
300000000,5353.88518470446,0.148229236504539,0.267381004421445,"1, 3, 4, 5, 6, 7, 8, 10, 11, 12, 13, 14, 15, 16, 17, 18, 19, 20","2, 9"
300000000,5480.10950696731,0.0793552792175234,0.209387554636976,"1, 3, 4, 5, 6, 7, 8, 9, 10, 12, 13, 14, 18, 19, 20","2, 11, 15, 16, 17"
300000000,5588.57049166062,0.147807504674075,0.197137466084125,"1, 3, 4, 5, 6, 7, 8, 9, 10, 12, 13, 14, 17, 18, 19, 20","2, 11, 15, 16"
300000000,5657.7206706902,0.079598468757917,0.201841169936729,"1, 3, 4, 5, 6, 7, 8, 9, 10, 11, 12, 13, 14, 15, 18, 19, 20","2, 16, 17"
300000000,5664.02064849738,0.0798671511630074,0.197343964338926,"1, 3, 4, 5, 6, 7, 8, 9, 10, 11, 12, 13, 14, 16, 18, 19, 20","2, 15, 17"
300000000,5684.45570655187,0.0796240037528108,0.19619658934282,"1, 3, 4, 5, 6, 7, 8, 9, 10, 12, 13, 14, 15, 16, 18, 19, 20","2, 11, 17"
300000000,5766.1816553835,0.148050694214468,0.189591081383878,"1, 3, 4, 5, 6, 7, 8, 9, 10, 11, 12, 13, 14, 15, 17, 18, 19, 20","2, 16"
300000000,5871.50474407937,0.148319397684657,0.180746995937899,"1, 3, 4, 5, 6, 7, 8, 9, 10, 11, 12, 13, 14, 15, 16, 17, 18, 19, 20","2"
300000000,5905.32575788525,0.148187971395432,0.0922620801457537,"1, 2, 3, 4, 5, 6, 7, 8, 9, 10, 11, 12, 13, 14, 15, 17, 18, 19, 20","16"
300000000,6010.64884658112,0.148456674865621,0.0834179946997741,"1, 2, 3, 4, 5, 6, 7, 8, 9, 10, 11, 12, 13, 14, 15, 16, 17, 18, 19, 20",""
400000000,4425.4342466852,0.078787781425314,0.340523566930801,"1, 3, 4, 5, 6, 7, 8, 12, 13, 14, 18, 19, 20","2, 9, 10, 11, 15, 16, 17"
400000000,4524.45735757389,0.0787878024904125,0.336176687082625,"1, 3, 4, 5, 6, 7, 8, 12, 13, 14, 15, 18, 19, 20","2, 9, 10, 11, 16, 17"
400000000,4533.89523137851,0.147240006881865,0.32827347837795,"1, 3, 4, 5, 6, 7, 8, 12, 13, 14, 17, 18, 19, 20","2, 9, 10, 11, 15, 16"
400000000,4609.34538821526,0.0792996533707979,0.328479976632752,"1, 3, 4, 5, 6, 7, 8, 11, 12, 13, 14, 16, 18, 19, 20","2, 9, 10, 15, 17"
400000000,4629.78044626976,0.0790565059606013,0.327332601636645,"1, 3, 4, 5, 6, 7, 8, 12, 13, 14, 15, 16, 18, 19, 20","2, 9, 10, 11, 17"
400000000,4711.50639510139,0.147483196422259,0.320727093677704,"1, 3, 4, 5, 6, 7, 8, 11, 12, 13, 14, 15, 17, 18, 19, 20","2, 9, 10, 16"
400000000,4717.80637290857,0.147751878827349,0.316229888079901,"1, 3, 4, 5, 6, 7, 8, 11, 12, 13, 14, 16, 17, 18, 19, 20","2, 9, 10, 15"
400000000,4738.24143096307,0.147508731417153,0.315082513083794,"1, 3, 4, 5, 6, 7, 8, 12, 13, 14, 15, 16, 17, 18, 19, 20","2, 9, 10, 11"
400000000,4816.82948379726,0.147751899892448,0.311883008231724,"1, 3, 4, 5, 6, 7, 8, 11, 12, 13, 14, 15, 16, 17, 18, 19, 20","2, 9, 10"
400000000,5041.07800042659,0.0795082865127001,0.292822058268451,"1, 3, 4, 5, 6, 7, 8, 10, 11, 12, 13, 14, 18, 19, 20","2, 9, 15, 16, 17"
400000000,5140.10111131528,0.0795083075777986,0.288475178420275,"1, 3, 4, 5, 6, 7, 8, 10, 11, 12, 13, 14, 15, 18, 19, 20","2, 9, 16, 17"
400000000,5169.97404317439,0.147717364559055,0.279424594719494,"1, 3, 4, 5, 6, 7, 8, 10, 12, 13, 14, 15, 17, 18, 19, 20","2, 9, 11, 16"
400000000,5245.42420001115,0.0797770110479875,0.279631092974295,"1, 3, 4, 5, 6, 7, 8, 10, 11, 12, 13, 14, 15, 16, 18, 19, 20","2, 9, 17"
400000000,5254.86207381577,0.14822921543944,0.271727884269621,"1, 3, 4, 5, 6, 7, 8, 10, 11, 12, 13, 14, 16, 17, 18, 19, 20","2, 9, 15"
400000000,5353.88518470446,0.148229236504539,0.267381004421445,"1, 3, 4, 5, 6, 7, 8, 10, 11, 12, 13, 14, 15, 16, 17, 18, 19, 20","2, 9"
400000000,5480.10950696731,0.0793552792175234,0.209387554636976,"1, 3, 4, 5, 6, 7, 8, 9, 10, 12, 13, 14, 18, 19, 20","2, 11, 15, 16, 17"
400000000,5588.57049166062,0.147807504674075,0.197137466084125,"1, 3, 4, 5, 6, 7, 8, 9, 10, 12, 13, 14, 17, 18, 19, 20","2, 11, 15, 16"
400000000,5657.7206706902,0.079598468757917,0.201841169936729,"1, 3, 4, 5, 6, 7, 8, 9, 10, 11, 12, 13, 14, 15, 18, 19, 20","2, 16, 17"
400000000,5664.02064849738,0.0798671511630074,0.197343964338926,"1, 3, 4, 5, 6, 7, 8, 9, 10, 11, 12, 13, 14, 16, 18, 19, 20","2, 15, 17"
400000000,5684.45570655187,0.0796240037528108,0.19619658934282,"1, 3, 4, 5, 6, 7, 8, 9, 10, 12, 13, 14, 15, 16, 18, 19, 20","2, 11, 17"
400000000,5766.1816553835,0.148050694214468,0.189591081383878,"1, 3, 4, 5, 6, 7, 8, 9, 10, 11, 12, 13, 14, 15, 17, 18, 19, 20","2, 16"
400000000,5871.50474407937,0.148319397684657,0.180746995937899,"1, 3, 4, 5, 6, 7, 8, 9, 10, 11, 12, 13, 14, 15, 16, 17, 18, 19, 20","2"
400000000,5905.32575788525,0.148187971395432,0.0922620801457537,"1, 2, 3, 4, 5, 6, 7, 8, 9, 10, 11, 12, 13, 14, 15, 17, 18, 19, 20","16"
400000000,6010.64884658112,0.148456674865621,0.0834179946997741,"1, 2, 3, 4, 5, 6, 7, 8, 9, 10, 11, 12, 13, 14, 15, 16, 17, 18, 19, 20",""
500000000,4425.4342466852,0.078787781425314,0.340523566930801,"1, 3, 4, 5, 6, 7, 8, 12, 13, 14, 18, 19, 20","2, 9, 10, 11, 15, 16, 17"
500000000,4524.45735757389,0.0787878024904125,0.336176687082625,"1, 3, 4, 5, 6, 7, 8, 12, 13, 14, 15, 18, 19, 20","2, 9, 10, 11, 16, 17"
500000000,4533.89523137851,0.147240006881865,0.32827347837795,"1, 3, 4, 5, 6, 7, 8, 12, 13, 14, 17, 18, 19, 20","2, 9, 10, 11, 15, 16"
500000000,4609.34538821526,0.0792996533707979,0.328479976632752,"1, 3, 4, 5, 6, 7, 8, 11, 12, 13, 14, 16, 18, 19, 20","2, 9, 10, 15, 17"
500000000,4629.78044626976,0.0790565059606013,0.327332601636645,"1, 3, 4, 5, 6, 7, 8, 12, 13, 14, 15, 16, 18, 19, 20","2, 9, 10, 11, 17"
500000000,4711.50639510139,0.147483196422259,0.320727093677704,"1, 3, 4, 5, 6, 7, 8, 11, 12, 13, 14, 15, 17, 18, 19, 20","2, 9, 10, 16"
500000000,4717.80637290857,0.147751878827349,0.316229888079901,"1, 3, 4, 5, 6, 7, 8, 11, 12, 13, 14, 16, 17, 18, 19, 20","2, 9, 10, 15"
500000000,4738.24143096307,0.147508731417153,0.315082513083794,"1, 3, 4, 5, 6, 7, 8, 12, 13, 14, 15, 16, 17, 18, 19, 20","2, 9, 10, 11"
500000000,4816.82948379726,0.147751899892448,0.311883008231724,"1, 3, 4, 5, 6, 7, 8, 11, 12, 13, 14, 15, 16, 17, 18, 19, 20","2, 9, 10"
500000000,5041.07800042659,0.0795082865127001,0.292822058268451,"1, 3, 4, 5, 6, 7, 8, 10, 11, 12, 13, 14, 18, 19, 20","2, 9, 15, 16, 17"
500000000,5140.10111131528,0.0795083075777986,0.288475178420275,"1, 3, 4, 5, 6, 7, 8, 10, 11, 12, 13, 14, 15, 18, 19, 20","2, 9, 16, 17"
500000000,5169.97404317439,0.147717364559055,0.279424594719494,"1, 3, 4, 5, 6, 7, 8, 10, 12, 13, 14, 15, 17, 18, 19, 20","2, 9, 11, 16"
500000000,5245.42420001115,0.0797770110479875,0.279631092974295,"1, 3, 4, 5, 6, 7, 8, 10, 11, 12, 13, 14, 15, 16, 18, 19, 20","2, 9, 17"
500000000,5254.86207381577,0.14822921543944,0.271727884269621,"1, 3, 4, 5, 6, 7, 8, 10, 11, 12, 13, 14, 16, 17, 18, 19, 20","2, 9, 15"
500000000,5353.88518470446,0.148229236504539,0.267381004421445,"1, 3, 4, 5, 6, 7, 8, 10, 11, 12, 13, 14, 15, 16, 17, 18, 19, 20","2, 9"
500000000,5480.10950696731,0.0793552792175234,0.209387554636976,"1, 3, 4, 5, 6, 7, 8, 9, 10, 12, 13, 14, 18, 19, 20","2, 11, 15, 16, 17"
500000000,5588.57049166062,0.147807504674075,0.197137466084125,"1, 3, 4, 5, 6, 7, 8, 9, 10, 12, 13, 14, 17, 18, 19, 20","2, 11, 15, 16"
500000000,5657.7206706902,0.079598468757917,0.201841169936729,"1, 3, 4, 5, 6, 7, 8, 9, 10, 11, 12, 13, 14, 15, 18, 19, 20","2, 16, 17"
500000000,5664.02064849738,0.0798671511630074,0.197343964338926,"1, 3, 4, 5, 6, 7, 8, 9, 10, 11, 12, 13, 14, 16, 18, 19, 20","2, 15, 17"
500000000,5684.45570655187,0.0796240037528108,0.19619658934282,"1, 3, 4, 5, 6, 7, 8, 9, 10, 12, 13, 14, 15, 16, 18, 19, 20","2, 11, 17"
500000000,5766.1816553835,0.148050694214468,0.189591081383878,"1, 3, 4, 5, 6, 7, 8, 9, 10, 11, 12, 13, 14, 15, 17, 18, 19, 20","2, 16"
500000000,5871.50474407937,0.148319397684657,0.180746995937899,"1, 3, 4, 5, 6, 7, 8, 9, 10, 11, 12, 13, 14, 15, 16, 17, 18, 19, 20","2"
500000000,5905.32575788525,0.148187971395432,0.0922620801457537,"1, 2, 3, 4, 5, 6, 7, 8, 9, 10, 11, 12, 13, 14, 15, 17, 18, 19, 20","16"
500000000,6010.64884658112,0.148456674865621,0.0834179946997741,"1, 2, 3, 4, 5, 6, 7, 8, 9, 10, 11, 12, 13, 14, 15, 16, 17, 18, 19, 20",""
600000000,4425.4342466852,0.078787781425314,0.340523566930801,"1, 3, 4, 5, 6, 7, 8, 12, 13, 14, 18, 19, 20","2, 9, 10, 11, 15, 16, 17"
600000000,4524.45735757389,0.0787878024904125,0.336176687082625,"1, 3, 4, 5, 6, 7, 8, 12, 13, 14, 15, 18, 19, 20","2, 9, 10, 11, 16, 17"
600000000,4533.89523137851,0.147240006881865,0.32827347837795,"1, 3, 4, 5, 6, 7, 8, 12, 13, 14, 17, 18, 19, 20","2, 9, 10, 11, 15, 16"
600000000,4609.34538821526,0.0792996533707979,0.328479976632752,"1, 3, 4, 5, 6, 7, 8, 11, 12, 13, 14, 16, 18, 19, 20","2, 9, 10, 15, 17"
600000000,4629.78044626976,0.0790565059606013,0.327332601636645,"1, 3, 4, 5, 6, 7, 8, 12, 13, 14, 15, 16, 18, 19, 20","2, 9, 10, 11, 17"
600000000,4711.50639510139,0.147483196422259,0.320727093677704,"1, 3, 4, 5, 6, 7, 8, 11, 12, 13, 14, 15, 17, 18, 19, 20","2, 9, 10, 16"
600000000,4717.80637290857,0.147751878827349,0.316229888079901,"1, 3, 4, 5, 6, 7, 8, 11, 12, 13, 14, 16, 17, 18, 19, 20","2, 9, 10, 15"
600000000,4738.24143096307,0.147508731417153,0.315082513083794,"1, 3, 4, 5, 6, 7, 8, 12, 13, 14, 15, 16, 17, 18, 19, 20","2, 9, 10, 11"
600000000,4816.82948379726,0.147751899892448,0.311883008231724,"1, 3, 4, 5, 6, 7, 8, 11, 12, 13, 14, 15, 16, 17, 18, 19, 20","2, 9, 10"
600000000,5041.07800042659,0.0795082865127001,0.292822058268451,"1, 3, 4, 5, 6, 7, 8, 10, 11, 12, 13, 14, 18, 19, 20","2, 9, 15, 16, 17"
600000000,5140.10111131528,0.0795083075777986,0.288475178420275,"1, 3, 4, 5, 6, 7, 8, 10, 11, 12, 13, 14, 15, 18, 19, 20","2, 9, 16, 17"
600000000,5169.97404317439,0.147717364559055,0.279424594719494,"1, 3, 4, 5, 6, 7, 8, 10, 12, 13, 14, 15, 17, 18, 19, 20","2, 9, 11, 16"
600000000,5245.42420001115,0.0797770110479875,0.279631092974295,"1, 3, 4, 5, 6, 7, 8, 10, 11, 12, 13, 14, 15, 16, 18, 19, 20","2, 9, 17"
600000000,5254.86207381577,0.14822921543944,0.271727884269621,"1, 3, 4, 5, 6, 7, 8, 10, 11, 12, 13, 14, 16, 17, 18, 19, 20","2, 9, 15"
600000000,5353.88518470446,0.148229236504539,0.267381004421445,"1, 3, 4, 5, 6, 7, 8, 10, 11, 12, 13, 14, 15, 16, 17, 18, 19, 20","2, 9"
600000000,5480.10950696731,0.0793552792175234,0.209387554636976,"1, 3, 4, 5, 6, 7, 8, 9, 10, 12, 13, 14, 18, 19, 20","2, 11, 15, 16, 17"
600000000,5588.57049166062,0.147807504674075,0.197137466084125,"1, 3, 4, 5, 6, 7, 8, 9, 10, 12, 13, 14, 17, 18, 19, 20","2, 11, 15, 16"
600000000,5657.7206706902,0.079598468757917,0.201841169936729,"1, 3, 4, 5, 6, 7, 8, 9, 10, 11, 12, 13, 14, 15, 18, 19, 20","2, 16, 17"
600000000,5664.02064849738,0.0798671511630074,0.197343964338926,"1, 3, 4, 5, 6, 7, 8, 9, 10, 11, 12, 13, 14, 16, 18, 19, 20","2, 15, 17"
600000000,5684.45570655187,0.0796240037528108,0.19619658934282,"1, 3, 4, 5, 6, 7, 8, 9, 10, 12, 13, 14, 15, 16, 18, 19, 20","2, 11, 17"
600000000,5766.1816553835,0.148050694214468,0.189591081383878,"1, 3, 4, 5, 6, 7, 8, 9, 10, 11, 12, 13, 14, 15, 17, 18, 19, 20","2, 16"
600000000,5871.50474407937,0.148319397684657,0.180746995937899,"1, 3, 4, 5, 6, 7, 8, 9, 10, 11, 12, 13, 14, 15, 16, 17, 18, 19, 20","2"
600000000,5905.32575788525,0.148187971395432,0.0922620801457537,"1, 2, 3, 4, 5, 6, 7, 8, 9, 10, 11, 12, 13, 14, 15, 17, 18, 19, 20","16"
600000000,6010.64884658112,0.148456674865621,0.0834179946997741,"1, 2, 3, 4, 5, 6, 7, 8, 9, 10, 11, 12, 13, 14, 15, 16, 17, 18, 19, 20",""
700000000,4425.4342466852,0.078787781425314,0.340523566930801,"1, 3, 4, 5, 6, 7, 8, 12, 13, 14, 18, 19, 20","2, 9, 10, 11, 15, 16, 17"
700000000,4524.45735757389,0.0787878024904125,0.336176687082625,"1, 3, 4, 5, 6, 7, 8, 12, 13, 14, 15, 18, 19, 20","2, 9, 10, 11, 16, 17"
700000000,4533.89523137851,0.147240006881865,0.32827347837795,"1, 3, 4, 5, 6, 7, 8, 12, 13, 14, 17, 18, 19, 20","2, 9, 10, 11, 15, 16"
700000000,4609.34538821526,0.0792996533707979,0.328479976632752,"1, 3, 4, 5, 6, 7, 8, 11, 12, 13, 14, 16, 18, 19, 20","2, 9, 10, 15, 17"
700000000,4629.78044626976,0.0790565059606013,0.327332601636645,"1, 3, 4, 5, 6, 7, 8, 12, 13, 14, 15, 16, 18, 19, 20","2, 9, 10, 11, 17"
700000000,4711.50639510139,0.147483196422259,0.320727093677704,"1, 3, 4, 5, 6, 7, 8, 11, 12, 13, 14, 15, 17, 18, 19, 20","2, 9, 10, 16"
700000000,4717.80637290857,0.147751878827349,0.316229888079901,"1, 3, 4, 5, 6, 7, 8, 11, 12, 13, 14, 16, 17, 18, 19, 20","2, 9, 10, 15"
700000000,4738.24143096307,0.147508731417153,0.315082513083794,"1, 3, 4, 5, 6, 7, 8, 12, 13, 14, 15, 16, 17, 18, 19, 20","2, 9, 10, 11"
700000000,4816.82948379726,0.147751899892448,0.311883008231724,"1, 3, 4, 5, 6, 7, 8, 11, 12, 13, 14, 15, 16, 17, 18, 19, 20","2, 9, 10"
700000000,5041.07800042659,0.0795082865127001,0.292822058268451,"1, 3, 4, 5, 6, 7, 8, 10, 11, 12, 13, 14, 18, 19, 20","2, 9, 15, 16, 17"
700000000,5140.10111131528,0.0795083075777986,0.288475178420275,"1, 3, 4, 5, 6, 7, 8, 10, 11, 12, 13, 14, 15, 18, 19, 20","2, 9, 16, 17"
700000000,5169.97404317439,0.147717364559055,0.279424594719494,"1, 3, 4, 5, 6, 7, 8, 10, 12, 13, 14, 15, 17, 18, 19, 20","2, 9, 11, 16"
700000000,5245.42420001115,0.0797770110479875,0.279631092974295,"1, 3, 4, 5, 6, 7, 8, 10, 11, 12, 13, 14, 15, 16, 18, 19, 20","2, 9, 17"
700000000,5254.86207381577,0.14822921543944,0.271727884269621,"1, 3, 4, 5, 6, 7, 8, 10, 11, 12, 13, 14, 16, 17, 18, 19, 20","2, 9, 15"
700000000,5353.88518470446,0.148229236504539,0.267381004421445,"1, 3, 4, 5, 6, 7, 8, 10, 11, 12, 13, 14, 15, 16, 17, 18, 19, 20","2, 9"
700000000,5480.10950696731,0.0793552792175234,0.209387554636976,"1, 3, 4, 5, 6, 7, 8, 9, 10, 12, 13, 14, 18, 19, 20","2, 11, 15, 16, 17"
700000000,5588.57049166062,0.147807504674075,0.197137466084125,"1, 3, 4, 5, 6, 7, 8, 9, 10, 12, 13, 14, 17, 18, 19, 20","2, 11, 15, 16"
700000000,5657.7206706902,0.079598468757917,0.201841169936729,"1, 3, 4, 5, 6, 7, 8, 9, 10, 11, 12, 13, 14, 15, 18, 19, 20","2, 16, 17"
700000000,5664.02064849738,0.0798671511630074,0.197343964338926,"1, 3, 4, 5, 6, 7, 8, 9, 10, 11, 12, 13, 14, 16, 18, 19, 20","2, 15, 17"
700000000,5684.45570655187,0.0796240037528108,0.19619658934282,"1, 3, 4, 5, 6, 7, 8, 9, 10, 12, 13, 14, 15, 16, 18, 19, 20","2, 11, 17"
700000000,5766.1816553835,0.148050694214468,0.189591081383878,"1, 3, 4, 5, 6, 7, 8, 9, 10, 11, 12, 13, 14, 15, 17, 18, 19, 20","2, 16"
700000000,5871.50474407937,0.148319397684657,0.180746995937899,"1, 3, 4, 5, 6, 7, 8, 9, 10, 11, 12, 13, 14, 15, 16, 17, 18, 19, 20","2"
700000000,5905.32575788525,0.148187971395432,0.0922620801457537,"1, 2, 3, 4, 5, 6, 7, 8, 9, 10, 11, 12, 13, 14, 15, 17, 18, 19, 20","16"
700000000,6010.64884658112,0.148456674865621,0.0834179946997741,"1, 2, 3, 4, 5, 6, 7, 8, 9, 10, 11, 12, 13, 14, 15, 16, 17, 18, 19, 20",""
